縣市,選區,姓名,在任狀態,政黨,政見,備註
台北,一,吳思瑤,1,民主進步黨,1、北投天母宜居社區 改善天母交通，拒絕大型開發，保存綠地與文化資產。 爭取復興崗國防大學校地釋出，中央地方協力規劃「社會 住宅+長照基地+智慧型社福研發中心+綠地公園+國防」五 合一生態社區。 加速推動士北科技園區，打造生技、資通訊產業科技城。 停建北纜，保存生態文史，結合溫泉觀光醫療，規劃北投 生活環境博物園區。 2、世代正義 推動年金改革，健全財政紀律。 推動社會住宅，減輕購屋負擔。 媒合青年創／就業資源，擴大輔導補助，改善勞動條件， 提升薪資水平。 推動稅制改革，縮小貧富差距，調漲基本工資，提高企業 納稅責任。 推動憲改，降低投票年齡至十八歲。 拒絕黑箱課綱，教育不受政治干預。 3、社會安全 強化食安監理，落實生產管理、查驗。 推動「托育、長照、就業」三合一政策。 托育服務社區／平價／優質化。推動留職育嬰、育嬰彈性 工時。 建立永續長照，推動社區型整合服務中心，結合在宅服 務、居家醫護、餐食服務、樂齡學堂，落實在地安老。 性別平等職場，提高婦女就業安全與薪資水平。 4、進步國家 開放政府，推廣柯P經驗，優化公民參與、資訊公開制度。 還權於民，修訂公投法、選罷法，降低公投門檻及罷免限 制。 環境正義，推動產業升級，發展綠能產業，提高環境汙染 稅，落實非核家園。 司法改革，落實民主／專業／透明化司法體系。 國會改革，拒絕密室協商，落實國會專業資深制。 追討黨產，政黨不當得利還財於民。 堅守台灣主體性，穩定兩岸和平發展，嚴格監督各項兩岸 合作協議。,
台北,二,姚文智,0,民主進步黨,「點亮台灣」：完成台灣史上首次國會政黨輪替，深化民主；支持、協助並督促新政府推動「英派革新，台灣好政」，以廉能效率、自由創新，帶動經濟社 會轉型。務使國民黨還財於民，實踐轉型正義；推動各項稅制、年金改革，履行階級與世代分配正義，健全國家財政；廣建社會住宅，落實居住正義；補正 鳥籠公投，開放國會改革與民主參與；檢討十二年國教，催生食農教育、食品安全、食物回收等食安三法，續推老年長照制度，促進醫療勞動正義與病人安 全；堅決廢核，發展綠色再生能源，實現2025非核家園目標；振興本土國防產業，提升防衛能力；兩岸協議監督法制化，公開透明，杜絕黑箱，確保台灣主 權與安全，守護台灣利益與價值。 「翻轉台北」：繼續推動以空間改革驅動城市發展的「河右岸復興運動」，與柯p合作啟動社子島開發，並以2020年「遷松機變公園」為目標，輔以大規模 公辦都更（即都市再生），暨「文化輕軌線」串聯帶動淡水河右岸大稻埕、大龍峒、葫蘆堵、社子、後港、士林老城區再生，重現薈萃人文與商業繁華；反 對「大故宮計畫」，維護芝山岩、雙溪宜居環境，進而擘劃士林商圈、故宮、陽明山在內的「台灣櫥窗」展現國際、生態、人文、樂活精神；尤其，應在推 動都市再造時，同步實現托育、托老、食農、宜居、綠能及智慧城市的多重願景與目標。,2018/11/18辭職
台北,二,何志偉,2,民主進步黨,【拼！新經濟，好生活】四大政策主軸： 一、水經濟，親水零距離，河岸大公園。 　　市中心有大安森林公園、大佳河濱公園，但士林大同平均每人享有公園綠地面積卻是北市 後段班。士林大同兩河匯聚，應整合豐富河岸觀光資源，爭取補助串連河岸綠地及文化資 產，打造特色河岸公園，成為國際亮點。以過去成功扶植臺灣盃國際滑水賽事之經驗，推 廣多元水上活動，結合三腳渡木造龍舟工藝，傳承在地文化財。 二、老社區新經濟，重現新風貌，打造好生活。 　　擴大創業園區，提供更好更完整的創業服務，扶植優質新創事業，提供士林大同就業機會 及注入經濟活水，以增加青年在地就業之機會，提升薪資水平，重現大稻埕及士林繁榮。 爭取核准捷運社子線計畫，修法補助公共運具票價，降低上班族負擔，提升空氣品質。 三、長照經濟示範區。 　　落實長照托老服務，讓長者有尊嚴，也降低家人負擔。爭取中央補助擴大敬老卡使用項 目，讓敬老卡更好用、銀髮族更樂活。 四、廟口經濟，文化經濟。 　　活用本區文化底蘊，利用文化設計及導入科技，推廣廟口小吃及工藝，提升庶民經濟產 值。,缺額補選
台北,三,蔣萬安,1,中國國民黨,一、立委要傾聽民意，推動立法解決問題。萬安會秉持理性問政、創新立法 理念，為民眾服務。 二、推動「幼兒照護」：提高生育率，也要設法減輕父母養育負擔；建全托 育機制與社區保姆系統，讓父母放心打拼；加強校園安全，讓孩子在安 全環境學習；持續監督、要求幼兒園師資、課程及設備達到法定標準， 讓孩子快樂學習、適性發展以及健康成長。 三、推動「銀髮族照護」：建立「社區化」、「在地化」長照目標；立法確 立長照保險穩定財源；督促政府建構完整銀髮族照護與醫療制度；鼓勵 社會企業加入照護長輩行列；針對「退而不休」銀髮族規劃社會參與活 動，讓退休生活有目標、有尊嚴。 四、連結「教育與就業」：重新檢討臺灣高教政策的走向與定位；強化技職 教育，鼓勵企業提供學生實習機會及產學合作；縮短學用落差、建構教 育與就業銜接機制，讓青年畢業即就業。青年適才適所、發揮所長，臺 灣才有競爭力。 五、連結「科技與創業」：鬆綁法規限制，吸引國外資金投資國內產業；建 構新創產業生態鏈，讓臺灣新創公司根留本土，佈局全球，使全民共享 經濟成長果實；掌握未來發展趨勢，推動程式語言向下紮根，讓孩子學 習程式語言，培養臺灣軟體人才。 六、解決在地「治安問題」：中山、松山區都有犯罪熱點，需中央、地方共 同解決。萬安將協助並結合議員、里長及社區巡守隊力量，配合警力建 立共同防護網，保障民眾安全；持續透過教育宣導、舉辦社區活動等方 式，結合家庭與學校力量防止犯罪，守護家園。 七、積極解決「停車問題」：中山、松山區停車位不足情況，分占北市12行 政區中第1名、第3名。萬安會積極協助議員並與市府合作，共同改善停 車位供需失衡情況，解決民眾停車位不足問題。,
台北,四,李彥秀,1,中國國民黨,　用心陪你走 大手牽小手 1.強化公托、臨托制度。 2.編制儲備教師，成立安親系統，活化校園閒置 空間。 3.推動分齡性向輔導機制，擺脫制式教育。 4.督促建置輔導人力預防校園霸凌。 5.重視食安管理，對黑心業者罰得到、快、重。 6.推動「5安幸福在台灣｣照顧新住民。 　　　　用心啟動未來，打破低薪魔咒 1.健全十二年國教制度，技職教育科系專業化、 實習生納入勞基法保障。 2.改善新鮮人求職環境，增設免費職訓課程。 3.調降租屋補助門檻、增設青年出租公營住宅。 4.興建青年住宅並設托育中心。 5.推動微型創業，建立創業導師制。 　　　　用心訂製幸福：長期照護、單親扶助 1.確保長期照護保險法通過，建立穩定財源。 2.建立長期照護銀行，提供社區照護服務。 3.中低收入戶審查精緻化避免一刀式區分。 4.推動年金改革。 5.建立急難扶助據點。 6.協助單親家庭養育、教育困境。 　　　　用心呵護 看見港湖新未來 1.加速老舊工業住宅都更，推動都市再造。 2.兵工廠、聯勤司令部遷移，拓展南港腹地。 3.加速電纜、電塔地下化。 4.規劃內湖焚化廠改建為青年住宅。 5.結合民間資源保存古蹟。 　　　　用心成就港湖，園區回饋鄰里 1.推動內湖科技園區、南港軟體園區提撥補助金 回饋地方。 2.尋求策略型產業，提升國際競爭力，強調企業 社會責任。 3.勞資團體協商制度化，保障勞工權益。 　　　　用心打造 南港東區新門戶，內湖科技智 慧城 1.力拚民生汐止線106年動工。 2.捷運南北線重新啟動。 3.興建信義線東延至研究院路二段。 4.加速高鐵南港站通車，台鐵南港站升級。 5.通盤檢討松山機場存廢。,
台北,五,林昶佐,1,時代力量,一、蔡英文中正萬華唯一支持林昶佐，團結進步力量，促成國會改革。 二、捍衛台灣主權，強化國際地位，堅持台灣與中國對等往來。 三、全力推動進度落後的捷運萬大線，帶動人潮流動，繁榮地方發展。 四、強化食品安全認證機制，嚴格查驗非法原料，嚴懲黑心食品廠商，讓消費者吃得安心。 五、推動智慧節能電網，鼓勵綠色能源，讓台灣成為永續發展的非核家園。 六、下修公投法與選罷法門檻，落實直接民權，讓人民對政府不當政策與劣質政客有說不的權利。 七、制定《政黨不當取得財產處理條例》，追討政黨不當財產，杜絕貪污腐敗。 八、強化台灣青年力，投票年齡下修十八歲與世界接軌，創造青年創業友善環境，讓年輕人勇敢逐夢。 九、規劃短、中、長期社區長照政策以及促進長照相關產業發展，讓銀髮族安心樂活。 十、支持穩健的稅制改革，縮小貧富差距，打造公平正義的社會。 十一、修正《都更法》，加速推動保障住戶權益的都市更新，落實在地精神。 十二、活化閒置國有地，提供地方公共使用。,
台北,六,蔣乃辛,1,中國國民黨,乃辛的父親是民意代表，從小看到父親無私無我的服務民眾對乃辛影響深 遠，從乃辛選擇參選民意代表那一天起，「服務社會，回饋國家」就深烙心 中。乃辛時常提醒自己站在民眾角度思考，無論是監督政府、問政質詢、幫 地方鄰里爭取建設或替民眾解決問題，時刻都要設身處地，以民意為最重要 考量。在本屆會期中，乃辛最關心民生法案，包括食品安全、企業加薪、勞 動權益、貧富差距以及提升青年競爭力與各階段教育改革相關政策，不僅向 行政部門提出質詢，同步也提出法律修正或制定案，多管齊下監督政府。 365天全勤服務地方，全勤監督問政，本屆會期乃辛也獲得諸多民間評鑑單 位評選為國會第1名專業優質立委。但是落實民生等法案政策非一蹴可幾， 國會改革仍需持續進行，乃辛爭取連任就是要以『堅持』的力量繼續在國會 替地方服務、替民眾表達心聲。 乃辛主張： 一、實踐社會正義，遏止貧富差距持續惡化。 二、落實社會福利，擴大弱勢照顧。 三、產官學研合作，全面提升青年競爭力，落實青年政策。 四、持續推動稅制改革，監督國家財務管理策略，逐年減輕國債負擔。 五、增加教育經費，強化人才競爭力。 六、持續檢討修正12年國教政策，減輕學生升學壓力，落實適性揚才。 七、因應高齡化社會來臨，持續擴充高齡友善環境與服務，讓高齡長者有所 依靠。 八、建立友善工作環境，監督勞工權益保障與落實。 九、面臨少子化危機，增加生育養育補助津貼等各種方案，提高國人生育意 願。 十、持續提出產業創新加值與升級發展計畫，增加就業率，提高企業加薪機 會。,
台北,七,費鴻泰,1,中國國民黨,1.推動青年創業的優惠融資，以及輔導青年就業等措施。 2.建立合理的薪資與工時制度。 3.建構完善長照體系，邁向健康、安全、幸福的高齡社會。 4.推動食品安全聯合稽查，與食品安全監測，維護國人飲食安全。 5.推動全面性住宅政策，含租金補貼及社會住宅，落實居住正義。 6.推動對身心障礙者的全面性照顧服務，保障其權益。 7.消除各種歧視婦女的限制，建立性別平等的友善社會。 8.推動民間擴大參與公共建設，增加就業機會。 9.推動資訊基本法，建構中央與地方便民服務單一窗口。 10.推動完備防疫體系，強化傳染病預警與風險管控機制。 11.推動積極性社會救助措施，結合企業與民間力量，落實對各個弱勢族群與家庭的照護。 12.推動醫療糾紛處理及醫療事故補償制度，強化醫療照護品質。,
台北,八,賴士葆,1,中國國民黨,1.在九二共識、一中各表的基礎下，推動兩岸和平發展 2.推動內閣制、恢復閣揆同意權 3.推動國會攺革：朝野協商透明化，提升立法效率、國會議長中立化 4.成立兩岸協議監督特種委員會 5.積極推動加入國際組織，先TPP後RCEP 6.爭取勞工福祉，推動提高基本工資，放寬勞保投保上限 7.推動金融3.0（FINTECH），如網路銀行、第三方支付、全面提升金融競爭力 8.健全國際策略投資，推動成立國家主權基金 9.確保學生就學權利，如學貸延長五年還款，催生學生家長代表三分之一，參與教育政策決策 10.持續加速推動捷運南環線 11.推動智慧食安新紀元，如食安雲 12.優化青年創業環境，推動天使基金規模提升至百億元 13.推動長照保險法 14.堅決反對廢死，反對廢刑法第227條 15.推動住院醫師工作權益納入勞基法,
新北,一,呂 孫 綾,1,民主進步黨,本選區位於新北市外圈廊帶，有文化古鎮、自然景緻，也有多個新市鎮與現代 開發計畫，要有新思維與新價值協助整個地區均衡發展；同時也必須回應世代 進步，配合民進黨國會改革，讓好立委帶動地方發展，扭轉社會困境，因此提出 三四五六計畫： （三大保證） １. 保證透明監督：國會工作日誌，上網公開透明。 ２. 保證擴大參與：定期舉辦對談，啟動公民參與。 ３. 保證利益迴避：拒絕請託關說，不包工程反貪汙。 （四大承諾） １. 承諾政治過程不黑箱：拒絕密室協商，全面公開透明。 ２. 承諾參政紀錄全公開：影音文字全紀錄，全面監督零遺漏。 ３. 承諾國會聽證不打折：改革聽證制度，健全民主運作。 ４. 承諾議事資訊全透明：議事公開轉播，黑色畫面零容忍。 （五安台灣） 公共安全：訂定國土保育計畫，推動災防五法，落實公民參與。 食品安全：推動公益揭露，重設驗證標章，落實抽檢制度。 居住安全：廣建青年住宅，公辦都市更新，實現居住正義。 核能安全：發展區域電網，嚴管核廢放置，監督核電除役。 婦幼安心：落實公托制度，完善社福功能，實踐社區長照。 （六級產業、六區升級） 宜居淡水：發展在地文創，監督大橋進度，落實輕軌完工。 進步八里：銜接海空雙港，提升觀光品質，開發在地經濟。 活化三芝：創意農產加工，爭取芝投公路，發展深度旅遊。 創新泰山：輔導工廠轉型，落實汙染防治，共築研發基地。 樂活石門：推動精緻漁業，監督核電除役，確保核安權益。 新生林口：強化公共建設，發展物流中心，打造創新重鎮。,
新北,二,林 淑 芬,1,民主進步黨,在雞蛋與高牆之間，林淑芬選擇跟雞蛋同一邊。 站在人民這一邊的立委林淑芬： (1)為人民捍衛食品安全： 不畏財團壓力，勇敢揭發「頂新」黑心油弊案、日本輻射汙染管制區食品安 全的管制漏洞，以及政府放水藥廠，製作偽劣藥等。未來持續推動各種食品 安全管理制度的改革。 (2)為人民守護國土，山河海沒辦法投票，但這些事比選舉更重要： 淑芬要推國土三法的立法，已經完成「濕地法」及「海岸法」，未來將繼續 推動「國土計畫法」及「國土復育條例」立法，以守護台灣永續環境。 (3)為人民守住環境正義，不讓台灣成為「毒物島」： 淑芬完成修正「土污法」、「水污法」、「毒性化學物質管理法」，未來推 動「空污法」、「廢棄物減量及循環利用法」的改革，將乾淨的土地、水和 空氣還給人民。 (4)守護勞工、弱勢，責無旁貸： 因窮而被剝削的建教生，淑芬完成建教生權益保障法立法；米糠油事件受害 者暗夜的哭泣，淑芬完成「油症受害者救濟法」，讓政府盡到補償責任。23 年沒修的職災預防法「職業安全衛生管理法」，淑芬完成修法，讓勞工安全 有保障。關廠歇業工人失去的棺材本，淑芬努力完成「勞基法第28條」的修 正。淑芬將推動「職災保護法」與「職災保險法」，讓勞工的勞動身軀有國 家的保護。 (5)守護有尊嚴、可負擔、多元的在地老化權益： 淑芬完成推動「長照服務法」立法，未來監督政府提供可負擔、多元的居家 服務與日間照顧的長照制度，公部門需提供長照服務涵蓋率達6成，再推「長 照保險法」，以建構尊嚴老化的台灣。,
新北,三,高志鵬,0,民主進步黨,深耕三重：打造三重為綠色水岸城市 領航新北：推動建設新北市為青年新創及文創產業的全國亮點。 政治改革：連任後第一件事，追討國民黨不當黨產，落實轉型正義。 點亮台灣： １. 配合中央政策推動長照服務，建置平價社區式整體長照服務。 ２. 推動賦稅改革，建立公平稅制，縮短貧富差距。 ３. 推動年金改革，保障國人老年經濟安全。 ４. 推動國會改革，提昇國會專業性與代表性。 ５. 推動司法改革，建立友善人民的司法環境。 ６. 推動產業轉型，鬆綁落後法規，振興台灣經濟。 ７. 推動轉型正義，建立台灣民主與公平的社會。 ８. 爭取中央編列預算，新北市興建社會住宅五萬戶，落實居住正義。,2018/12/26 依108年01月04日台立人字第1071402131號函，因案於107年12月26日經最高法院判決褫奪公權確定，並自判決確定之日起，註銷名籍。
新北,三,余天,2,民主進步黨,一、落實司改：強力督促中央政府持續推動司法改革，檢視不適任法官、檢察官退場機制，重拾人民對司法的信心。 二、安全城市：整合中央與地方資源，健全社會安全網絡，提供弱勢、婦幼更完整的守護。 三、健檢交通：透過科技管理，全面健檢三重交通問題，打造安全、友善、便利的交通環境。 四、空間活化：盤點三重閒置空間，配合中央政府「長照2.0」及「托育公共化」政策，提供更充足的空間與資源，以達成「扶老攜 幼」的幸福三重。 五、居住正義：興建社會住宅、加速都市更新，不只要讓市民住得起，更要讓市民有安心的居住空間。 六、產業並進：建立三重產業基地，吸引新創產業及在地現有產業共同發展，攜手為三重推動下一個繁榮。 七、文化優質：爭取文化預算，補助藝文人士、團體到三重展演外，體檢三重藝文展演空間，推動文化優質新三重。,缺額補選
新北,四,吳 秉 叡,1,民主進步黨,臺灣現正面臨貧富差距擴大、食品安全風暴、財政惡化、民主倒退等嚴峻挑戰，為爭取安心安全、永續經營、公平正義的未來，吳秉叡將秉持專業立法、有效監督， 落實下列目標： 一、回歸人民的司法改革：建立人民參與審判的機制，檢討司法人員任用及淘汰機制，全面檢討違反「刑事人權保障」的制度與運作，推動國家轉型正義，並建立合 乎憲政本旨的違憲審查機制，落實司法為民、司法公正。 二、安全永續的社會制度：推動食品、住宅、照護的社會安全計畫，監督保障食品安全，推動公平合理的公共住宅，落實平價優質的社區長期照護，改革安全永續的 年金制度。 三、在地就業的創意經濟：結合在地文創與知識科研，促進產業結構升級，創造在地就業機會，並落實勞工權益保障。 四、合理效率的財稅制度：減少政府財政浪費，續推稅賦改革、促進稅制公平，照顧弱勢族群。 五、永續發展的綠色家園：監督落實非核家園，推動潔淨能源與環境保護，促進台灣綠色產業，實現永續發展的綠色家園。 六、永續深化的民主改革：推動憲政改革、修正「鳥籠式」公投法，並制定「政黨法」及「不當黨產處理條例」，落實還權於民，擴大人民監督，並建構權責相符的 政府。,
新北,五,蘇 巧 慧,1,民主進步黨,為孩子找未來的路 我是蘇巧慧，我是兩個孩子的媽媽，也是教育基金會的執行長，這些年對於 教育工作的投入，讓我憂心孩子的未來。我是律師，我知道國家的法規制度，影 響每個人的生活，也左右了孩子的未來。所有的媽媽都一樣，希望孩子在公平、 正義的社會裡成長。我看到教育的問題、社會的問題，我知道要改變台灣，必須 從法制、從政策、從政治改變，而這一切的改變源頭就在立法院。 2016的台灣，來到改革的關鍵路口，沒有猶豫的時間，新一屆的國會，新 一屆的立委，必須對國家未來有更深刻的思考，必須清楚知道台灣的問題在哪 裡，必須能夠提出最有力的改革，必須能夠採取積極的行動，才能翻轉停滯的現 狀，讓台灣大步前進。 五大行動，讓台灣大步走： 一、加速幼托公共化：孩子的第一哩路，國家要負責。 二、改革高等教育：青年的國際競爭力，國家要主導。 三、重整國家財政：這一代的債，不留給子孫。 四、重新國土規劃：讓台灣永續而美麗。 五、解決世代課題：落實更公平的新未來。 三大優先，翻轉地方新未來： 一、交通最優先：（一）捷運樹林萬大線、三鶯線動起來；（二）聯外道路及橋 樑如期完工；（三）樹林火車站原線地下化。 二、產業最優先：（一）要轉型升級，走出代工；（二）要產學合作，在地就 業；（三）要輔導合法，安心經營。 三、生活最優先：（一）加速幼托公共化；（二）落實社區長照體系；（三）增 闢綠帶遊憩空間。,
新北,六,張 宏 陸,1,民主進步黨,張宏陸　九大革新政策 １. 全民好健康—找回對食品安全的信心 積極推動食品衛生管理法修正案，加強食品業者管 理和保障消費者，確實照顧國人健康及消費權益。 ２. 上網好輕鬆—全面低價寬頻上網 要求中央要成立「專案小組」推動寬頻建設，推動 普及服務的無線寬頻頻率等多元政策方案，保障人 民數位權利。 ３. 板橋好停車—闢建地下停車場，終結違停惡夢 爭取全面利用校園操場、公園綠地來闢建地下停車 場，提供周遭鄰里社區住戶停車租金優惠。 ４. 寵物好好命—訂定完整的「動物保護綱領」 補助犬貓絕育及TNVR的執行，推廣工作犬、陪伴 犬計劃，改善收容所環境，嚴格取締違法繁殖場。 ５. 捷運好安全—要讓婦女幼兒搭乘捷運最安心 推動《捷運法》等相關修法，讓捷運系統增加見警 率，提升駐站警員，加強警察護車及巡邏密度，降 低事故發生。 ６. 板橋好好廳—轉動大台北新劇院 推動大台北新劇院儘速完成，讓板橋擁有國際級藝 術展演空間，提升新北市民的藝文生活品質。 ７. 非核好家園—積極發展綠能產業 發展綠能科技產業，強化國內再生能源產業與全球 研發及市場連結，從體質內強化台灣的永續發展。 ８. 學習好EASY—減輕學生的壓力 推動各校的特色及發展均質化與優質化，進而全面 免試入學，使國中教學正常化，還給國中生健康快 樂的學習生活。 ９. 托育好窩心—生、育、養，全面照護 全面推動0-2歲托育補助加碼政策，創造普及、平 價、優質托育服務，逐步打造中小企業附設公共保 母的環境。,
新北,七,羅 致 政,1,民主進步黨,「改變」是這些年最響亮的政治廣告口號，但要改變什麼呢？四年前當我決 定繼續在板橋基層深耕後，就深刻體認：我不再是一個可以隱遁在寧靜校園裡的 大學老師，我必須和大家一起呼吸，勇敢面對人世間的不義和苦難。這些年來， 我選擇以無給職的新北市黨部主委做為舞台，全力為民眾和公職人員搭好溝通的 橋樑。我深切體認，大家想改變的不是只換個政黨執政而已，而是有權力的人可 以用心讓小市民生活過得更好。 這是我的從政初衷。沒有派系，也不是政治世家，選擇從校園踏進政治圈， 答案始終只有一個，就是為了實踐理想。羅致政承諾將以「正直理性問政、人民 福祉優先」的理念，來落實國會改革與為民服務的目標： 一、國會改革 １. 以國家和人民的利益為先，政黨和個人的利益為後。 ２. 國會運作公開透明，讓立法院不再有密室政治、黑箱運作的空間，提高立法 院問政效率。 ３. 修法降低公投法和修憲門檻，實現18歲投票權訴求，保障直接民權，補足代 議制度的缺陷。 二、為民服務 １. 推動十年長照2.0計畫，落實「長照、托育、女性就業」三合一照顧政策， 減輕婦女照顧重擔。 ２. 推動「食安五環」計畫，從食品源頭就全面監控，對黑心廠商課以更重的法 律責任。 ３. 配合「五大創新研發計畫」，調整高等教育階段的課程與科系，解決大學畢 業生學用落差問題。 ４. 提供只租不售的高品質青年社會住宅，並針對特殊居住要求以及弱勢者提供 補助。 ５. 確保國內文化多樣性，積極保存、維護和活化有形及非物質的文化資產。,
新北,八,江 永 昌,1,民主進步黨,國會改革、拒絕黑箱 １ 要求法案協商審議全程透明。 ２ 降低公投法提案門檻，修改選罷法罷免條件。 看顧民生、打拼經濟 １ 帶動產業創新，創造就業機會，促使薪資成長。 ２ 輔導弱勢產業升級，開拓優勢產業跨國經貿市場。 ３ 擴大公共投資，推動智慧城市，開發多元能源並逐步淘汰核電廠。 擘劃中和、建設升級 １ 解決捷運環狀線工程延宕問題，管控萬大線施工進度，增加區域大眾運輸接 駁系統。 ２ 活化國有地，增闢公園綠地，廣設車位解決停車需求。 ３ 加速執行國管院舊址之都市計畫。優先開闢萬大線中和機場路廊聯絡道路， 打破內外員山藩籬。 ４ 鬆綁灰磘地區都市計畫管制，保障在地居民權益，打造新經濟產業專區。 ５ 要求交通部提出改善南勢區交通壅塞的具體方案。 ６ 爭取設置僑民文物館，連結華新街商圈，運用新住民多元文化特色成為優勢 利基。 守護孩子、學習成長 １ 優化社區托育系統與課後照顧。 ２ 改進十二年國教，適性教學，公平升學。 ３ 營養午餐採用認證食材。全面設置電子圍牆協防校安。落實校園拒毒教育。 力挺青年、贏取未來 １ 活用公部門外貿網絡，輔助大專學生運用經貿資訊，進軍國際市場。 ２ 鼓勵文化及科技新創事業，鬆綁募資平台，暢通青年白手起家的管道。 ３ 以產學合作銜接職場，畢業即就業。 銀髮樂活、退休無憂 １ 結合衛福資源，建置社區化銀髮醫療與長照系統。 ２ 推動年金改革，監督政府各項退休基金財務。 廣興公宅、加速都更 １ 廣建只租不售之公共住宅，推動房屋租賃專法。 ２ 加速老屋改建，推動公辦都更，保障住戶權益。 食品安心、控管全程 １ 源頭管理產銷流程，大幅提昇稽查人力。 ２ 設立毒物專責機構。提高檢舉獎金，加重罰鍰並專款專用。,
新北,九,林 德 福,1,中 國 國 民 黨,與朱立倫共同推動活絡經濟方案，讓台灣成為自由經濟島：吸引全球投資、參與全球競爭。設立自由經濟示範區：鬆綁法規、改革制度、產業創新。對內經濟更開 放、更有效、有區域特色。對外加入TPP、RCEP、推動兩岸協議，加速推動與全球洽簽經濟合作協議，擴大國際經貿空間。 推動加薪四法：公司法、工廠法、勞動基準法和中小企業發展條例修正案，讓經濟成果由全民共享。 廢除證所稅，讓股市回歸正常機制及基本面。 推動長照服務法、長照保險法，面對高齡及超高齡社會的快速來臨，現階段重點在提升服務的量與質，達到人力充足、選擇多元，以銜接長照保險開辦，督促政府完 備長照制度，營造在地安老的友善環境。 打造雙和十項建設 一． 積極爭取原國防部帳務中心1400坪基地，興建社會福利中心及青年住宅。 二． 積極爭取規劃捷運環狀線延伸至公館經中永和成功路。 三． 協助推動大雙和水岸再造計畫，將雙和區100公頃高灘地重新整頓、進行綠 化、拓寬自行車道、增設河岸親水公園。 四． 積極爭取中和秀山地區設立秀山消防分隊，確保該地區市民生命財產安全。 五． 積極爭取設置從永和綠寶石公園連接萬華馬場町公園之跨河景觀橋。 六． 成功爭取興建永和運動休閒中心及地下停車場，預定105年7月完工。 七． 成功爭取首座側環快於中正橋至福和橋防洪牆上興建景觀休閒步道。 八． 成功爭取永和首座電梯式人行陸橋，設置於環河西路與保安路口。 九． 成功爭取網溪國小改建及興建地下停車場，解決週邊停車問題。 十． 成功爭取捷運萬大線於103年10月中和站動工，同年11月植物園站動工，永 平國小站於104年11月決標，預定105年1月動工。,
新北,十,吳 琪 銘,1,民主進步黨,民進黨倡導非核家園，力推替代能源，而且，台灣前途應由台灣人民決定，未 來，我會堅持此立場！ 過去，政府無法回應人民需要，未來，民進黨，將會秉持改革進步的軌跡，帶領 不同世代的人才，重拾人民的幸福與肯定。因為，人民感受到幸福，才是肯定政 府的開始，因此，改造政府、改革國會，都必須踏出關鍵的一步，為地方扛起世 代正義實踐的責任；現在，我們正在邁向進步的道路，讓全民懷抱希望，要讓人 民一定幸福。 因此，我提出幸福168政策：讓市民1定要幸福　6項安心政策　8項建設計畫 六項安心：食安、治安、校安、公安、居安、安養，讓您安心。 １. 食安：食品產銷履歷多重把關 ２. 居安：國有地興建社會住宅 ３. 校安：讓孩子們有個安全求學環境 ４. 治安：建構綿密防護網，守護市民 ５. 安養：推動社區型安養中心，照顧免煩惱 ６. 公安：工作、娛樂，放心出門平安回家 八項建設：建設顧品質　繁榮好生活 １. 力推土城彈藥庫轉型：建立生態園區　人民休閒好所在 ２. 遷移金城變電所：讓可怕的電力怪獸　變成孩子們的快樂天堂 ３. 遷移土城看守所：黑暗旅社搬遷　讓光明公園再現 ４. 新建清水交流道：讓爸媽可以早點回家吃晚飯 ５. 新闢三峽環河路及新闢銜接台65與66線快速道路到三峽 ６. 擴建三鶯大橋：人車分道有保障　增加車道不再塞 ７. 打通鳶山隧道：紓解車流道，解決三峽塞車問題，促進地方繁榮 ８. 捷運三鶯線（到三峽）及萬大線如期完工,
新北,十一,羅 明 才,1,中 國 國 民 黨,報告鄉親： 「新店」好山、好水、好家園。大文山區更是您我共同生活的好所在。明才的阿公是新店老人會前會長羅慶堂先生，親族在新店定居已經六十年；明才永遠心存感 激，秉持「在地心，打拚為鄉親。在地情，地方建設不能停」努力打造您我的好家園：讓交通安全、快速、便捷。讓老人生活福利更健全並將爭取興建老人會館。讓 教育資源更充沛，讓婦女、孩童生活快樂，對未來充滿希望。 「不只想法，更有做法。」明才向您報告，新北環河快速道路、祥和路、安坑一號道路第一期（安一路）、大碧潭再造、中安大橋、陽光運動公園、深坑兒童遊戲 場暨停車場、烏來立體停車場、新店高中地下停車場、新店區汙水下水道工程第一期皆已陸續完成，明才已為地方爭取超過１２００億以上地方建設經費。在國會之 中，大力推動廢除證所稅，以期穩定股市，期盼股市上萬點，活絡台灣經濟。 未來將提議彈性調降證交稅；持續監督長期照護法後續推動情形，關心老人福利。督促政府爭取加入ＴＰＰ、ＲＣＥＰ，讓台灣與世界接軌；並支持兩岸和平穩定 發展。持續把關全民食安。地方建設上，將推動捷運沿線國有土地廣設青年宅；捷運延伸至深坑石碇；並繼續監督捷運環狀線、安坑輕軌捷運、新店行政園區（含新 店運動中心）、安坑一號道路第二期、新店區汙水下水道工程第二期，關心烏來災後重建與觀光產業的復甦、打造坪林成為低碳環保與推廣文山包種好茶的旅遊環 境。選擇有經驗的立委，地方建設才有保障，拜託您，感謝您的支持，謝謝。,
新北,十二,黃 國 昌,1,時代力量,一、改善就業環境，提升勞動條件 １.制定最低生活工資專法，保障勞工生活水準 ２.貫徹周休二日，不當過勞之島 ３.創造公共就業，增加青年就業 ４.建構友善勞工的權利救濟機制 二、落實年金改革，讓下一代有未來 １.建立全民基礎年金，保障銀髮生活品質 ２.逐步縮小不同業別間的所得替代率 ３.打造收支平衡、不債留子孫的年金制度 三、實現人民作主的新政治 １.調降罷免權及公民投票權的門檻，還權於民 ２.推動憲政改革，強化人權保障，落實責任政治 ３.制訂「吹哨者保護法」，鼓勵人民揭弊 四、打造透明專業的新國會 １.黨團協商公開透明化，建立以委員會為中心的 專業審查，終結密室協商 ２.強化立法院監督職權，建立國會聽證制度 ３.建立國會頻道，強化公眾監督 ４.依太陽花運動的民間版原則，建立兩岸協議監 督機制 五、建構永續生活環境 １.立即廢止核四，核一、核二如期除役、反對核 廢料露天貯存於北海岸 ２.強化空氣、水及土壤污染管制，建立空污總量 管制 ３.制定「環境稅法」，貫徹「污染者付費」原則 ，協助產業升級轉型 六、健全交通運輸、提昇生活品質 １.改善汐止及社后地區交通，增設聯外道路橋樑 ２.要求行政院儘速核定民生汐止線，加速台鐵捷 運化 ３.打造「瑞平雙貢」環狀交通路網 ４.人口密集區及觀光景點增設停車場 七、創造新北市七星區「在地經濟、在地就業、在地 生活」 １.連結汐止及南港、內湖科技園區，創造在地經 濟 ２.修改過時法令，活化金山、萬里及四鄉鎮觀光 產業，鼓勵年輕人在地就業 ３.重現文化風華，打造在地休閒,
基隆,,蔡適應,1,民主進步黨,英派改革　適應維新　在地專業　深耕基隆 與蔡英文總統候選人，林右昌市長一同打拼，讓基隆成為驕傲的 台灣頭 便捷交通：持續推動基北交通路網連結，打造大台北交通生活 圈。 　　　　　協助市府提升公車服務，購置新型公車與智慧候車 亭。 活水宜居：加速汰換老舊自來水管，建立中央定期檢測水質制 度。 　　　　　因應基隆山坡地形，編列預算逐年解決高地供水問 題。 智慧城市：協助市府打造智慧科技城市，基隆市與港服務再升 級。 　　　　　推動國中小資訊教育與數位化計劃，提高學童學習 力。 友善安心：因應老年化社會現象，建置社區型長期照護服務中 心。 　　　　　立法推動一區一托育中心，育兒津貼５千元持續到４ 歲。 在地就業：協助成立招商辦公室吸引廠商進駐，創造市民就業機 會。 　　　　　關心在地產業，協助法令解套與融資，提升企業競爭 力。 環境保護：加速家戶污水下水道用戶接管，河川淨化與沿岸綠美 化。 　　　　　因應核四停建，協和火力電廠汙染改善，推動綠能產 業。 樂活觀光：微笑港灣，發展基隆港內碼頭為會展及國際觀光郵輪 專區。 　　　　　配合外木山情人湖和平島升格國家風景區、聯合進行 行銷。 都市願景：閒置倉儲區、老舊住宅推動都市更新，打造基隆新天 際線。 　　　　　國有、軍方與港埠等閒置土地，協調開闢綠地公共停 車場。 文藝復興：推動閒置建物改造為公共藝術空間，廣納各族群文化 元素。 　　　　　鼓勵文創，提高政府藝文預算比例，建置城市意象博 物館。 法案修改：健全食安法，杜絕黑心食品，讓國人吃得安心，吃得 健康。 　　　　　推動修改公寓大廈管理條例，讓公部門資源可以協助 社區。 　　　　　修改財政收支劃分法，拉近基隆與直轄市中央補助款 差距。 《適應的過去努力讓您看的見》 讓第一名的議員進入國會 FB粉絲專頁 基隆.蔡適應,
桃園,一,鄭 運 鵬,1,民主進步黨,桃園升格，立委更要升格！升格的立委，要有國家格局的政策，鄭運鵬主張： 一、全力協助桃園市政府推動鐵路地下化、捷運棕線、捷運綠線，讓桃園的軌道運輸形 成完整的內部經濟循環。 二、推動「綠色經濟版航空城計畫」，並以「合理的參與溝通」重建政府公信力，以「 合理的產業導入」結合蔡英文在桃園的亞洲矽谷計畫，以「合理的市場機制」杜絕 特權炒作地皮，讓居民及企業負擔得起，讓航空城成為接軌國際的國家都心。 三、推動「長照、托育、就業」的三合一「十年長照2.0」，由政府投入資金，以增加 在地就業的方式落實平價長照與托育，一次解決三大人口問題。 四、增加投資在鼓勵生育： 1、國家必須負擔起終身照顧先天失能者的全部責任，解除家庭經濟壓力，也減輕 高齡生育的產婦擔心新生兒罹患遺傳疾病的心理壓力。 2、增加育嬰假及陪產假日數：以「厚生薄葬」的原則平衡企業主負擔，以減少喪 假日數來增加產假日數，讓產婦能請假，雇主願放假。 五、增加投資在兒童教育：兒童中班以上如要就讀幼稚園，卻因公立名額不足而必須就 讀私立幼稚園，應比照公立學費，多出的費用由政府負擔。第二胎之後之新生兒， 政府負擔教育費用至大學畢業，減輕家長教育負擔，提高生育意願。 六、增加投資在基礎工程：政府應提高公共建設預算至每年3000億元以上的規模，一則 擴大內需，二則提高台灣技術水準。 七、廢除鄉鎮市級選舉：台灣越缺乏資源的縣市反而政府層級越多，造成施政困難，鄉 鎮市長應改為官派，簡化淨化基層政治生態，每年也可省下30億預算，並將代表會 的硬體設施配合改建為長照托育中心。,
桃園,二,陳賴素美,1,民主進步黨,1.從嚴監督中央部會，強化食品安全防護，採源頭管制，重建生產管理機制，落實查驗，並要求加重黑 心廠商責任與罰則 2.托育制度社區化、平價化。打造一生活圈一公托中心、一區一親子館 3.充實長照經費，挹注穩定財源，建立長期照顧體系；建構到宅服務、居家醫護、日間照顧、短期臨托 、餐食服務等措施，讓長輩在地安老，打造樂齡尊嚴的退休生活 4.力倡年金改革，健全財政紀律，讓年輕人未來領得到退休金 5.加速推動透明、不炒地皮、不黑箱的綠色經濟版航空城，成為產業自由貿易專區，全民共享航空城經 濟效益 6.解決大園天空斷橋懸宕多年困境，國二甲大園交流道連接台61線、國道二號大園交流道至台15線高速 公路工程監督完工 7.串連大園竹圍漁港、觀音濱海遊憩區、新屋永安漁港，打造桃園海線休閒專區。結合特色景點、農業 特色以觀光為在地加分 8.為拓展在地產業規模，力促觀音觀塘港成為北台灣國際工商大港，結合桃園產業需求，進行綜合發展 9.爭取楊新路（新屋往楊梅方向）、月桃路（觀音往桃園高鐵方向）路線拓寬工程 10.主張楊梅打造多功能運動園區，涵蓋運動設施、遊憩設備與專業級展演中心；與市府合作規劃楊梅故 事館、富岡老街等景點，和在地休閒農業結合，營造楊梅特色觀光路線,
桃園,三,陳學聖,1,中國國民黨,一、「桃園起飛，中壢領航」：這是鄉親的期待∼全力促成機場捷運早日通車，串連 桃園國際機場、台鐵、高鐵國內三大交通建設，讓中壢成為台灣重要轉運中心，並 結合在地教育、工業資源，由中壢領航，帶動桃園起飛。 二、「紛擾的年代，正直的良心」：這是自我的期許∼從政多年，主張公平，堅守正 義，只問是非，回歸民意，一直是學聖問政的鮮明風格。值此紛亂、憂擾的年代， 不論外界如何風風雨雨，如何用綠營外圍團體扭曲評鑑打擊我，學聖正直的良心永 遠熾熱，永遠不會改變。 三、「責任、承擔、向前行」：這是問政的理念∼此時的心境，真有如「攜取詩書歸 舊隱，野花啼鳥一般春」的寫照。問我，對當今時局是否會灰心，答案是∼會；問 我是否該退縮，答案卻又是∼不該。在這種擺盪、矛盾中，幾經思慮長考，我最終 選擇了承擔，承認這是自己無法放下的責任，承諾將和許許多多、與我對這社會仍 抱持著一份信念的伙伴們，〝天下為公〞為理想，繼續堅持，我們再一同偕行、一 同執著，再試一次、大步向前行。,
桃園,四,鄭寶清,1,民主進步黨,1.推動鐵路地下化。 2.以容積率換取社會住宅。 3.加速綠色捷運開通。 4.棕色捷運從新莊延伸至桃園。 5.投票年齡下修至18歲。 6.活化舊商圈。 7.提高薪資所得。 8.推動桃園監獄遷移。 9.推動煉油廠遷移。 10.以公開透明、民主參與、綠色經濟、公共利益、產業優先等五大原則推動綠色經濟 版航空城，打造亞洲矽谷。 11.「政黨不當取得財產處理條例」，讓黨產歸零，還財於民，建立民主政治公平競爭 環境。,
桃園,五,呂玉玲,1,中國國民黨,專業、智慧、耐心，在人民的理想與政治的現實找到平衡。多元分歧的環境中，我會用最務實的態度， 勇敢面對問題。在政府債台高築，人民需要更多的前提下，要求勤政清廉，行政效能全面提升，有效溝 通，是最好的出路。若有幸當選，呂玉玲主張： 一、逐步修正２０年教改，解決因形式教條主義作祟而產生的爭議，堅守學用合一的核心價值，強化技 職教育技術導向，提升青年與國家競爭力。 二、積極面對少子化導致人口結構失衡，競爭力下降所帶來的負面衝擊，讓年輕人歡喜生、快樂養，監 督政府提出更符合現況的青年安心成家政策與幼托政策。 三、堅守九二共識，求同存異，確保兩岸和平發展。為台灣經濟轉型，區域經濟組織整合創造更有利的 空間。 四、考量人口結構與台灣底蘊，建構符合台灣現況的長照制度，優先健全長照體系、人力、空間、法規 、證照等配套完備後，再推動長照保險。 五、嚴打黑心食品，提高罰鍰刑度，落實三級食品品質管制，提高檢舉保障，使不肖業者無處隱匿。 六、落實居住正義，全力協助溝通觀念解放屋奴，支持推動只租不售的社會宅。主張各級政府寬列預算 ，擴大房租補貼，優先照顧弱勢族群。 七、全力協助桃園市政府做好詳實計畫，爭取各項中央補助嘉惠市民。落實建設執行，平鎮車站、二高 龍潭第二交流道、國民運動中心、６６快速道路連結二高交流道如期完成。爭取平鎮、龍潭增設公 車轉運站，打造南桃園交通樞紐。 八、發展精緻農業，爭取中央補助，結合農會產銷，辦好平鎮、龍潭農業觀光，爭取政府補助年青農民 購買農地、高齡退休農民續保農保。,
桃園,六,趙正宇,1,無,【融合力量，改革蛻變】 《矯正不公不義》 ．公平正義－政策透明，程序正義，分配要公平。 ．世代正義－反對政治一言堂，暢通學青、社青溝通管道。 ．居住正義－打擊房地炒作，提供優質社會住宅，優先照顧弱勢者、青年居住需求。 ．重視工農－反對過度重商、向財團傾斜，均衡照顧工農。 《監督財團圖利》 ．BOT過程透明－反對不平等讓利條約，開放民意參與決策。 ．嚴查社會住宅－防止官商勾結，形成貪腐集團。監控招標流程，監督施工，提高驗收標準。 《拯救治安敗壞》 ．毒品危害大－結合教育、衛生、社政、警政、勞工等，適時訂出最佳防治毒品方案，全面性積極推 動反毒工作。 ．加強校園安全－建構校園安全網路，強化監視系統，防範未然。 ．重懲隨機殺人犯－隨機殺人者必須從重量刑，速審速決。 《改變政策背離》 ．民生優先－民生法案為先，經濟建設擺中間。 ．由下而上－民意重於黨意，反對施政壟斷，黨政不分。 《改革教改失敗》 ．推行翻轉教育－改變教學方式，讓學習深化，學生更好，翻轉學習。 ．雙軌技職教育－˙落實理論與實務教育。 　　　　　　　　 ˙重視各層級、各學制的課程銜接，提供企業與學校無縫課程的經驗。 　　　　　　　　˙兼顧全國規劃的基準和學校發展的彈性。 《改善生活無力》 ．平抑物價飛漲－油跌物價仍漲，須加強監督物價，打擊哄抬炒作。 ．創造就業機會－加速產業升級轉型，擴大招商引資，留住人才。 ．縮小貧富差距－賦稅要合理，弱勢減徵，扶助脫貧。 《拆除食安危機》 ．提升食品安全－政府和業者均須積極建置供應鏈溯源工程。 ．加強食安教育－專家於課堂、執業場所開課，減少食安風險。 ．實施新食品安全法－細化執法強度，增加刑罰，擴大監管。 《監控建設落後》 ．桃園捷運加速催生－綠線盡速動工延伸至大溪，捷運三鶯線延伸至八德。 ．推動升格各項建設－加速都會化建設，打造國際化城市。,
新竹縣,,林為洲,1,中國國民黨,一、兩岸和平不戰爭、產業升級不反商、社會和諧不對立：國民黨的核心價值，也是 台灣的價值。 二、引領新思維、啟動新力量：讓新的思維、新的力量，從新竹縣出發，把年輕人聲 音、新竹人的需要，帶進國會，讓國會真正聽見來自新竹縣的聲音。 三、只做人民有共識的事情：台灣這些年來，花了大多的時間在沒有共識的議題上打 轉，我只做有共識的事情。只要是人民有共識的事情，我就是執行者。 四、面對問題、解決問題：面對問題，是解決問題的最好方式，像是科學園區交通、 竹縣醫療資源改善、十二年國教問題、生活環境改善、勞健保制度的永續、老 人照護施行等等，需要前瞻、有經驗且具專業的立法委員，將新竹縣需求帶到國 會，讓中央聽見新竹人的需要。我堅信只要盯著做，認真做，沒有解決不了的事 情。 五、台灣要追求穩定發展的未來：台灣，已經走到了一個新的里程碑，今天，沒有人 會說台灣不民主，現在政治人物要追求的是一個穩定發展的未來，我們必須留給 下一代一個和平繁榮且永續發展的前途與未來。,
新竹市,,柯建銘,1,民主進步黨,一、終結藍綠對立、推動朝野和解、推動總統職務交接法 制化、平穩過渡實現第三次政黨輪替。 二、推動憲政改造與國會改革，建構人民參與、開放透明、 專業導向的國會。 　1. 修憲進行選制改革，解決票票不等值，適度增加不 分區比例，提升國會議員專業性，下修投票權至十八 歲，強化青年參與政治。 　2. 修憲落實單一國會、廢除考監兩院，調查權回歸國 會，強化國會聽證，開放人民參與。 　3.國會議長中立化、議事中立化。 　4. 強化國會幕僚機關專業研究能量與中立化，以監督 行政部門。 　5. 秉持透明化、議事公開原則，建立公民多元參與國會 機制。 三、實現寬頻人權，推動智慧城市。 　1. 實現寬頻人權，發展「價廉高速」寬頻網路應用。 　2. 發展智慧城市成為未來經濟的創新平台。 　3. 打造新竹成為「創新科技實驗城市」，營造在地的創 新生態聚落。 四、重建客家族群認同及光榮。 　爭取在新竹市世博二期新建客家展演中心，以利新竹 市客家文化及城市發展。 五、因應高齡化社會、實踐世代正義、解除婦女照顧負擔。 　1. 以新經濟發展模式掃除青年就業及創業障礙、推動 社會住宅與年金改革相關立法。 　2. 落實長照在地化、社區化，建立一個「付得起、用得 上、溫馨人性的長照服務體系」，推動長照相關立 法。 　3. 因應高齡化社會，推動成立國家級高齡研究中心。 　4. 加速推廣新竹市社區保母、社區幼兒園、學童課後照 顧服務，解決幼兒托育問題。 六、向中央爭取預算配合新竹市政府推動相關市政計畫， 建構中央行政、立法與新竹市垂直整合之夥伴關係，全 方位發展新竹市。 七、爭取中山高五楊高架道路延伸至新竹系統交流道並連 接至台68線快速道路，徹底解決園區及東區交通壅塞。,
苗栗縣,一,陳超明,1,中國國民黨,堅持農地農用，保障農民農地財產權益。 修正財政收支劃分法，鼓勵稅收成長縣市，增加統籌分配稅 款，降低地方配合款。 落實憲法耕者有其田政策，立法繼續推動公地放領。 修正產業創新條例，推動國有耕地承租農民補償機制。 全力爭取經費打造大苗栗完整路網，推動觀光、工商業、農業 全面發展。 爭取補助都市計畫內瓶頸道路改善，完善生活圈路網。 檢討全國國土區域計畫，反對農地保留政策犧牲苗栗發展。 堅守海岸保育與居民在地生活權益雙贏。 檢討海岸保安林政策，因地制宜成立農產專區，保障當地農民 權益。 推動農漁村再生，打造休閒農漁業觀光城，提高農漁民收入。 外勞工資與基本工資脫鉤，逐年提高本國勞工基本工資。 推動鯉魚潭水庫每日20萬噸用水計畫落實，解決通苑地區發 展受限問題。 爭取三義木雕專用區，立專法解決木材來源問題。 協助後龍醫療園區盡速完成，打造準醫學中心醫院。 加強技職教育，配合產業替代役，落實學用合一。 推動英語教育，打造國際化環境，提升全球競爭力。 繼續爭取國中小校舍改建補助，提供安心學習環境。 推動高齡、婦女、幼兒健康促進政策，增加免費健康檢測項目。 提高祖父母照顧幼兒之托育補助至5000元。 修法推動75歲以上老人健保費全額補助。 繼續推動長照法、長照保險及75歲以上行動不便者申請外籍 看護門檻，減輕年輕家庭照顧負擔。 加強職訓中心訓練能量，落實在地產業訓用合一。 守護九二共識，堅持台灣優先，苗栗優先。 力推國會改革，協商透明化；尊重民主原則，提升立法效率。 推動取消都市計畫內山坡地開發回饋金，回歸落實水土保持 計畫。 維護社會治安，修法增加觸犯毒品防制條例者施以鞭刑。,
苗栗縣,二,徐志榮,1,中國國民黨,一、修正財政收支劃分法及公共債務法增進稅收，解決縣府財政短絀。 二、活化公有閒置空間，串聯山海線景點，發展全方位觀光挹注縣庫財源。 三、力促完成苗栗縣北橫公路通車及苗栗北側高架鐵路興建，建構九宮格路網。 四、積極招商引資、協助青年創業、輔導就業，均衡人才供需，建立勞資共榮雙贏。 五、落實多元教育，發展在地樂學環境，重視技職教育結合產業發展，培育藝文創作，重視族群文化傳承，推廣藝術人才與國 際文化交流。 六、推動地方特色產業，塑造農特產品產銷履歷，拓展亞洲通路，增進農民收益。 七、擴大幼兒托育中心、老人日間照護中心，構築全年齡社會安全網，落實社區整體照顧服務。 八、推動整合性醫療服務，設置急重症照護醫學中心，建構完整醫療網絡。 九、爭取設立國民運動中心，串聯苗栗縣三縱六橫自行車整體路網，打造運動健康城市。 十、推動國土復育法及都市計劃再造，提升促參活化空間。 十一、提高全縣自來水普及率，爭取擴大水庫回饋方案，爭取流域綜合治理計畫，打造好山好水的優質樂活家園。 十二、鼓勵再生能源發展，推動設置太陽光電系統，重視自然生態保育。,
台中市,一,蔡其昌,1,民主進步黨,一、安全便捷交通：「海線鐵路雙軌高架捷運化」經其昌四年爭取，已完成規劃報告，未來繼續推動完成興建海線大眾運輸系統， 拒絕邊緣化。並將爭取串聯海線與市區的輕軌電車，聯接臺中港、清泉崗機場，進入市中心。 二、爭取中央新部會「海洋委員會」設置於海線：在台中港打造海洋產業，增加在地就業，結合中部科學園區相關產業，繁榮台 中港及提升台中競爭力。 三、增加自來水普及率：已協助 15 個里接管自來水，及解決 6 個里管線老舊、水壓不足問題，未來繼續努力爭取，讓人人都有乾 淨自來水。 四、還給人民乾淨空氣：PM2.5 危害健康，解決空污刻不容緩，強力監督政府具體改善空氣品質，維護國民健康。 五、為弱勢發聲：為勞工解決勞資爭議，保障權益；改善漁民生活，協助漁業發展；提高農業競爭力，增加農民收入；推動無障 礙環境，讓高齡者、身障人士方便安全。 六、提升中小企業發展：推動中小企業國際化，精進中小企業法制環境，促進產業升級轉型。 七、打造友善親子的國家：促政府落實友善兒童環境設備，讓親子在公共運輸、公共場合都能方便、安全、無障礙。爭取藝文活 動到海線展演，減少城鄉差距。 八、創造台中觀光價值：開發台中旅遊資源，深化及發揚在地文化；完善觀光法令，提升觀光品質。 九、加速年金改革：讓人人皆能享有公平安穩的退休生活，並健全國家財政。 十、建立食品安全監督機制：落實食品履歷制度，確保食品品質，讓民眾吃的安心，業者更有競爭力。 十一、強化司法透明：落實法官評鑑及評核，並建立對人民友善的司法環境。 十二、推動長照制度：實現在地老化，建立完整長期照顧體系，保障失能老人與身心功能障礙者能獲得適切服務。,
台中市,二,顏寬恒,1,中國 國民黨,1.以台中港為中心，配合台中港特定區解編契機，未徵收公共設施保留地（學校、市場）還地於民，實現土地正義，活化土地利 用，加強交通及休憩設施，促進港市合作。 2.建設觀光碼頭，發展大台中國際觀光，增加在地民眾的觀光收益。　 3.盡速完成南山截水溝工程，解決在地二十萬鄉親淹水之苦。 4.監督中央及地方政府致力於改善排水系統，建置雨水下水道，改善鐵公路排水問題。 5.督促各級政府做好山坡地整治、農田排水及市區中小排流域整體治理工作，建立永續居家安全環境。 6.督促市府完成台鐵大慶到新烏日站的鐵路高架工程，提升鄉親生活品質，改善當地淹水問題，促進土地活化。 7.爭取地方建設，發揮媽祖大愛精神，加強照顧弱勢族群。 8.重視台灣社會目前呈現嚴重的少子化和老齡化的國安問題，督促行政部門積極改善。 9.監督空污及工業廢水等生活環境污染問題，落實環境保護，為鄉親幸福生活品質把關。 10.推動各項民生及老年長照、婦女權益、幼兒照護、弱勢族群等社會福利法案修法，增進人民生活福祉。 11.推動技職教育與產業需求相結合的教育改革方向，讓學生畢業後，即可就業，並讓產業注入更多優秀本地人才。,
台中市,三,洪慈庸,1,時代力量,洪慈庸參選立法委員的初衷--把政治還給人民 政治不該被少數人壟斷，政治不該服務特定人群。我出身平凡，人民的聲音，我聽得懂，也聽得見。我會用和大家一樣的眼光， 看見人民的需要。我會用和大家一樣的雙手，守護我們共同的未來。 我是洪慈庸，讓我們用手上的選票，把決定未來的權力，重新還給人民。 【向人民開放，對人民負責】 1.每月上網公布國會工作日誌。2.定期舉辦問政報告座談會。3.針對重大議案，向選民說明利弊得失。 【我是青年世代的後盾】 1.捍衛青年勞動權益，積極創造公共就業機會。2.育兒無負擔，提高育兒補助與公共幼兒園比例。3.養老免掛心，提升長期照顧 的人力及預算，建立多元的長期照顧系統。 【我們的未來，我們自己決定】 1.健全租屋市場，廣設「只租不賣」的社會住宅。2.推動「自用輕、投資重」的房地稅改革，遏止房地產市場的惡性炒作。3.落 實公平的年金制度，保障所有人的退休生活。 【爭一口乾淨的空氣】 1.中彰投地區實施空污總量管制。2.中央環保署應整合空污測站資訊，並增設交通、工業空氣品質監測站。3.提高空污防制跨部 會小組層級，由行政院統籌領導。 【圓一個新故鄉的夢】 1.落實高中職社區化，擴充教育資源，讓國中畢業生不再遠赴外地就學。2.串連潭雅神綠園道與后豐鐵馬道，整修周邊景點，打 造綠色光觀光廊道。3.增加中小型綠地公園與運動空間，提升市民休閒品質。 【做在地產業的助手】 1.協助中小企業，挹注在地產業發展。2.中央應組成跨部會小組專案處理，協助未登記工廠取得長久、合法的工業用地。,
台中市,四,張廖萬堅,1,民主進步黨,1.爭取筏仔溪全線整治，並納入流域周邊土地整體規劃，塑造城中河的親水公園意象。 2.發展具城市特色大衆運輸系統，結合綠線捷運、公車、台鐵，規劃輕軌捷運，逐步建構健全路網。 3.建構完整育兒津貼政策及長期照護體系，推廣社區型長照服務，創造就業機會，帶動地區經濟發展，減輕青壯年教養及安養壓 力。 4.全面檢討十二年國教政策，落實全人教育理念。 5.健全體育政策，鼓勵企業投資贊助，紮根基層運動基礎建設和實力，與國際賽事接軌，建立體育人才養成制度，重視退役選手 職涯照顧。 6.結合文化創意和多元就業機會，發展文化藝術產業，提供文創團體、街頭藝人表演空間及商品行銷管道。 7.提昇政府跨部門整合，對教育、社會等相關福利政策做通盤性思考，不應有所偏頗。 8.加重食品安全罰則，設立「食品檢驗機構」，重建嚴格生產管理查驗機制，徹底解決食安危機。 9.打造多元、可負擔的友善居住環境，辦理社會住宅，強化房市治理，發展租屋體系。 10.推動年金改革，檢討現有各項年金給付制度，透過各界參與討論，做通盤檢討。 11.落實「非核家園」，推動綠能科技創新產業發展，建立多元且分散的能源供給系統，打造不缺電的產業環境。 12.整合各部會資源，啟動跨區域空氣汙染防治，逐年降低火力發電廠與石化廠石油焦、生煤的使用量，鼓勵以低汙染能源或天然 氣取代。,
台中市,五,盧秀燕,0,中國國民黨,1 不變的宣誓：認真出席立法院會議，強力監督政府為民喉舌，善盡立委職責。 2 五歲幼兒免學費政策已實現，繼續爭取向下延伸至中小班；加強防範高風險家庭嬰幼兒受虐。 3 減輕學生負擔，簡化高中大學升學方案；提升高中職及五專生免試及就近入學率；重視技職教育；推動小班制；減少教師評鑑 和行政業務，回歸教學專業；維護教師尊嚴；強化校園安全；改建危樓；加強反霸凌教育。 4 增加勞工就業機會與所得；改善勞工就業環境與法令；訂定合理法定工時；加強勞動檢查。振興經濟，適時協助中小企業紓困 方案。 5 落實性別平等；防範婦女遭受家暴或性騷擾並予以援助；提供婦女法律扶助；建置友善婦女環境。 6 維護農民權益；反對擴大中國農產品進口；輔導弱勢農民技術升級與轉型。 7 協助青年就業、創業；興建青年住宅或提供租屋補助。 8 增補社工員；擴大照顧中低收入戶、身心障礙者和老人醫療並解決其生活困境；放寬社會救助標準；協助新移民生活教育和就業。 9 強力打擊偷竊、搶劫、詐騙等犯罪案件；增設監視器並適時汰舊換新；補足警察消防員額；提高警察消防人員、義警、義消、 民防經費及更新設備。 10 扶植文創人才及企業；增加藝文體育預算；贊助藝文體育可抵稅。 11 督促捷運安全通車；爭取預算銜接台74線與國道1號；督促鐵路高架化後填平地下道及空地利用。 12 積極解決空污問題；推動綠能減碳。 13 提升愛護動物觀念；加強流浪動物照護與經費。 14 重視食安；落實源頭管理；加強檢驗稽核及求償重懲法令。 15 國會改革；建置國會頻道；立法院運作更公開透明。 16 篇幅有限，更多願景與政見，另行公佈。,2018/11/20 辭職
台中市,五,沈智慧,2,中國國民黨,"延續盧秀燕立法委員政見,成為 臺中市政府國會最強助攻手!望您牽成爭取公民釋憲權清查黑機關保權益力保立法院席次,爭取38席門檻,聲請釋憲權,清查不法 黑機關,打開黑箱政府。挺青年媒合創業基金 輔導青年創業 設置在地化的國際共同公共空間,與青年創業微型辦公室,媒合天使創業基金,打開新型態產業。愛生活打造多功能場域落實健康大台中落實北屯國民運動場域原址規畫案,支持多功能的巨蛋 展演中心落腳十四期重畫區,並需要建置AI智能科技化設施,打開健康休閒生活。拼經濟因應產業回流盤點並擴編用地面對回台或來台投資的企業,盤點中部各個園區,擴編工業用地,要求中央相關部會解決五缺六失問題,設置 中部貿易自由區,打開貿易經濟動能。新旅遊親水生態環境打造人文綠廊 重視台中國際航空站及台中國際港的優勢,搭配雙十公車及台鐵「敬老愛心卡及一日高鐵生活圈的便利性,搭乘西部幹線各級列車,提升大眾交通使用率,讓國內外旅客中進中出，打開交通新氣象。發揮空港優勢推動觀光立市爭取中央水環境建設計畫經費,整治廊子溪、大里溪、旱溪,打造人文親水生態公園,並推動捷運綠線至經補庫, 銜接大坑風景區與新社花海形成沿山旅遊帶，打開台中人文輕旅行。",缺額補選
台中市,六,黃國書,1,民主 進步黨,1.持續推動台74號道路增設旱溪匝道及大智路打通計畫；督促台中都會區鐵路高架化後地下道填平工程及鐵路高架化下層空間公 設用地規劃，發展當地社區特色，加速中西東南區都市機能縫合。 2.旱溪舊河道整治工程（康橋計畫）再延伸，推動國光橋上游旱溪排水整治防洪及環境景觀營造，打造東南區親水綠色廊道，帶 動觀光、休憩產業。 3.推動釋出國有閒置土地，協助地方政府推動社會住宅政策；活化戰基處國有土地，推動大學城計畫，帶動南區發展。 4.加速督促台糖商業區招商計畫，活化帝國製糖廠歷史廳舍，催生台中產業故事館，帶動東區發展。 5.推動台中州廳、台中文學館等歷史建物之活化，串連舊城區文化亮點，文藝復興再展風華。催生台中常設數位典藏展館，發展 城市文化特色，鼓勵藝文創作、扶植在地藝文團體。 6.全面為民眾把關食安，推動政府設立毒物管理機構、建立完整食品生產履歷、訂定無毒農業及安全食品生產管理規範、修法加 重生產者法律及賠償責任，以及設立高額檢舉獎金遏止違法，以保障民眾食的安全。 7.爭取教育經費，補強老舊校舍重建、改建工程及改善教學設備；全面檢討十二年國教實務問題、監督私校轉型機制、制定偏鄉 教育條例，捍衛教師工作權並保障學子受教權益。 8.推動完整長期照顧體系，保障失能老人與身心障礙者能獲得適切照護，整合政府與民間資源，提昇長照服務品質。 9.協助推動青年及勞工就（創）業方案，結合部會加強職涯引導、工作技能、就業媒合與職場體驗。 10.支持修訂《憲法》、支持青年參政，下修公民投票權至18歲，支持補正《公民投票法》，下修公民投票提案及連署門檻。,
台中市,七,何欣純,1,民主 進步黨,一、在地發展 1.重視中小企業與傳統產業，解決勞動力與用地問題2.盤點產業需求，推動產學研接軌，提升研發動能3.推動地方亮點文化產 業如影視基地，活化文化資產4.行銷在地農特產，整合資源推動觀光產業 二、安居樂活 1.強化食安管理稽查機制，創立國家實驗室2.改善空氣汙染PM2.5，建構本土空汙標準，要求火力電廠降載SOP3.推動社會住 宅，提供可負擔、兼具托老托幼機制4.完善托育政策，增設公立幼兒園、強化社區保母系統5.關心弱勢，強化社會支持安全網 絡 三、幸福家園 1.爭取74線增設匝道，推動捷運、輕軌等軌道運輸進入屯區2.爭取自來水延管與汰換老舊管線，提升用水品質3.建置完善下水 道系統，解決淹水問題3.盤點校安死角、整修危樓、充實校園資源4.綠化閒置土地、打造運動休憩場所設施 四、有愛無礙 1.尊重多元文化教育，促進母語融入教學2.推動樂齡措施，建立長期照顧機制3.打造無障礙空間，完善校園等公共空間之輔助 設施4.完善新住民政策，協助融合及交流 五、公平正義 1.資源合理分配，縮短貧富、城鄉差距2.啟動年金改革，改善政府財政問題3.溝通重大法案，加強民眾參與機制4.政府資訊公 開，強化程序正義,
台中市,八,江啟臣,1,中國國民黨,1.推動憲政改革及國會透明化。 2.擴大公托規模，推動混齡照護，倡議「隔代學習中心」。 3.建立父母酒、藥癮強制戒治和支持系統。 4.強化長照服務申請單一窗口，推動長照費用納入所得稅抵扣。 5.以弱勢優先原則，檢視社福民生政策與法案。 6.提倡引進企業加入學貸還款機制。 7.爭取經費整建老舊校舍；整合偏鄉資源，優化教學環境。 8.落實雙軌技職訓練體系，增加獎勵誘因，健全師徒體制。 9.要求將電競產業列入正式運動項目。 10.協助中小企業解決用地取得、勞力不足問題。 11.要求政府加強勞動檢查，改善勞工過勞情況。 12.捍衛「東勢-豐原生活圈快速道路」復工，保留中央補助款。 13.力促國道四號豐原潭子段2020年通車、中科南向三合一聯外道路107年、新社129線道拓寬105年完工。 14.監督落實台8線3年十億經費，持續推動中橫復建。 15.強化「台灣菇類菌種產發研究中心」功能，催生「菇類產業文化園區」。 16.督促政府解決農業缺工，鼓勵年輕人返鄉務農；提高農業保險補助，擴大保險範圍。 17.推廣有機農業，簡化標章申請流程；力推甜柿造林生態園區，創造混農林業新典範。 18.督促「豐富專案」兵工廠搬遷，爭取國民運動中心進駐。活化豐原文高一用地，增設網球、籃球場。 19.監督鐵路高架，要求車站進化，發展豐原新商圈。爭取葫蘆墩圳生態親水廊道配套，解決停車問題。 20.推動豐園北科大木創中心，培育木藝人才。 21.整合大甲溪中上游水庫、水壩與電廠，建立「大甲溪水利生態文化廊道」，推動石岡水壩管理中心升級「大甲溪環境生態教育中心」。 22.活化東勢林業園區，開辦中橫小型巴士，活絡山城觀光。,
彰化縣,一,王惠美,0,中國國民黨,一、 六鄉鎮新生活機能圈：1、北以和美向伸港與線西伸展，南以鹿港向福興和秀水延展，形成六鄉鎮生活圈擴大發展。2、發展全面藝術文化，打造歷史、文創、觀光與在地工業的 鹿港、福興、秀水；觀光、農漁牧休閒、文創紡織、農業文化特色的和美、伸港和線西。3、建構區域便捷連絡道路。 二、 建立老人、婦女、兒童友善環境：1、推動老人日照、學生課後輔導中心。2、建構老人、婦幼主動關懷求助通報系統。3、幼兒教育券3歲發放。 三、 完善在地經濟、青年創業環境：1、擴大青年創業預算。2、鼓勵返鄉創業。3、輔導擴大在地產業增加就業。4、閒置空間活化青年創業基地。5、補助特色古建築修繕再利用。 四、 農業精緻發展環境：1、輔導現代化生產和生技技術提高農作價值。2、災損補償簡化程序快速發放。3、爭取擴大補助農機具購置。 五、 勞工安全、安心環境：1、催生薪資調整機制。2、提高工安意外補償。3、爭取法扶中心設置勞工權益專責法律協助機制。 六、 社會福利安全環境：1、推動身心障輔具服務及資源整合單一窗口。2、中低收入戶老舊屋修繕放寬補助限制。3、長期照護支出列入所得特別扣除額。 七、 教育改革友善學習環境：1、改革12年國教升學制度。2、推動公立國中小學及高中職免學費。3、恢復技職教育體系，強化產學合作增加技能。4、設置新住民及子女教育輔導系 統。,2018/12/25辭職
彰化縣,一,柯呈枋,2,中國 國民黨,我參選立委的政見，我必全力逐條實現 一、善盡立委職責，監督政府施政，嚴格審查預算，為國家財政把關，杜絕一切資源浪費。 二、確實反映民意，迅速回應鄉親需求，以人民意志為依歸，落實於政策之制訂與執行。 三、立委最重要之職責為制定法律，呈枋必以專業法學背景知識及經驗，提出具體 福國利民之法案。 四、配合縣長加速推動彰北捷運延伸至鹿港，帶動人潮振興觀光，活化沿線商機， 繁榮地方經濟。 五、致力降低彰北空污，保護鄉親肺部健康及空氣潔淨，台中火力發電廠必須降載減量。 六、全力配合農漁會政策，爭取中央預算照顧農漁民生活，加強沿海鄉鎮建設，平衡城鄉發展。 七、完善長照敬老環境，爭取各項社福經費，推動長者居家服務與在地老化以滿足長照需求。 八、易淹水地區及農地污染區域之改善及整治相當重要，督促政府提出全面性之配套方案。 九、大鹿和區之產業振興計畫攸關未來之經濟發展，整合中央部會資源配合彰化縣 府全力推動。 十、翻轉莘莘學子所處之教育環境，促進鄉鎮教育E化，解決偏鄉教育資源匱乏， 補救數位學習落差。 十一、爭取專款維持古蹟留存，保存彰化現有之古蹟特色，爭取鹿港設立國家傳統藝術中心。 十二、打造一鄉一特色，輔導建立六鄉鎮特色農產品牌，創品牌、擴通路、拚經濟！ 十三、於鹿港、和美此二鎮設立服務處，提供每週與鄉親面對面之諮詢服務，傾聽 民意落實有效溝通。 感謝鄉親給貧苦出身的年輕人服務國家人民的機會，呈枋必定認真問政，絕不辜負您的期望！,缺額補選
彰化縣,二,黃秀芳,1,民主進步黨,一、 要生存：台灣為主權獨立國家，自己的國家自己救。堅持以對等公平開放原則，推動國際經貿交流。 二、 要民主：修正公投法，調降公投門檻。修正選罷法，降低罷免門檻。廢除考試院及監察院，落實三權分立。通過政黨法，不當黨產歸還全民。 三、 要發展：配合縣府施政，全力爭取中央經費補助各項重大建設。推動鐵路高架捷運化、彰化市南外環(大埔截水溝)道路，改善交通問題。推動區域排水灌排分離，解決灌溉用水 及市區排水汙染問題。加速推動彰化市各區都市計畫，協助爭取花壇新行政文教園區。推動觀光產業，活化八卦山風景區、設立芬園先民遺址博物館、花壇八卦窯文創園區、扇 形車庫鐵道文創園區、市區老屋重生再創文化新價值，促進地方繁榮。 四、 要改革：修正財劃法，推動稅制改革，落實社會公平正義。務實合理推動各項年金改革，反對債留子孫。改革教育制度，強化技職教育體系。課綱調整應符合專業並透明合法。 設立國會電視台，杜絕密室政治。 五、 要服務：傾聽民意，為民喉舌，以身作則，嚴守法治。督促政府建構實現青年創意及創業行動平臺。重視青年看法，以正面態度看待學運。 六、 幸福安居：修改食安法，吃的安全。改善校園危樓，學的安心。強化汙染管制，呼吸健康。推動非核家園，住的安全。推動多元住宅方案，住者適其屋。增加警消裝備，保障人 民生命財產安全。 七、 福利生活：配合縣府爭取中央經費補助，落實推動各項福利措施。推動建立完整長照制度及幼托整合制度，讓老者有所養，幼者有所長。推動尊重與包容之多元文化社會。,
彰化縣,三,洪宗熠,1,民主進步黨,1.建構世代正義，避免資源壟斷，創造永續、公平、正義的家園。 2.捍衛生態、生活、生產等三生永續環境，守護彰化健康家園。 3.敦促修正空污法，落實跨縣市監督防治，避免跨區域空氣污染。 4.監督整治彰化河川、海域污染，還給縣民清新健康環境。 5.矢志捍衛彰化農業優質生產基地，齊心對抗環境污染，掌握農業水資源。 6.落實產業綠能化，修法協助傳統產業節能省水轉型升級。 7.推動彰化縣環保綠能農牧業專區，提振在地畜牧業產值。 8.強化地方農產行銷、新鮮儲運、安全品牌，再創彰化農業新氣象。 9.提倡農業產官學合作，修法保障鼓勵青年返鄉投入精緻農業生產。 10.平衡城鄉差距，彌補青年教育、醫療品質、生活環境落差，讓民眾安居樂業。 11.推動以社區為單位，醫療、托育、照顧三合一的在地照顧體系。 12.扭轉偏遠地區交通劣勢，監督61線於108年全線完工、推動76線盡速定案開工、爭取濁溪快速道路開闢。,
彰化縣,四,陳素月,1,民主進步黨,1.推動東彰快速道路(山腳路替代道路)，將台74線甲線自花壇向南延伸連結大村、員林、社頭、田中、二水，銜接國道3號。2.爭取田中高鐵站對外交通路網，銜接各鄉鎮，強化高鐵 站週邊運輸能量，並串連南投、雲林成為南彰化出入門戶，帶動南彰化發展。3.爭取提高彰化縣之中央統籌分配款，縮小與六都之城鄉差距。4.確實監督政府推動12年國教品質，為 縣內各級學校爭取經費，建立優良教育環境。5.推動建立食品源頭管理制度，爭取輔導農民生產有機無毒農業蔬果，保障彰化縣民飲食安全。6.爭取中央經費發展在地產業特色，包 括：田尾花卉、永靖園藝景觀產業園區、社頭織襪產業專區、大村葡萄生產基地，從觀光運銷、創意加值、技術提昇等面向，提高產業收益。7.爭取彰化各火車站區設置U-biKe公共 自行車，彌補在地公共運輸不足，並結合當地文化古蹟、自然景觀、遊憩資源、農村文化，推動深度觀光旅遊，帶動地方發展。8.爭取推動失能老人行動照護，規劃設置社區交通服 務網，提供行動不便者溫馨巴士、就醫、洽公所需之交通接送。9.改善彰化投資環境，鼓勵企業根留台灣，促進產業升級，擴大就業機會，保障勞工權益，創造勞資雙贏。10.立法院 儘速審議通過兩岸協議監督條例，確保兩岸未來任何協議，都是經過公開透明的監督討論而產生，以確保台灣的利益為優先目標。11.推動新陽光法案，讓台灣未來邁向更健全的清廉 政治。12.發展潔淨能源，明訂非核家園年限。13.維持台灣現狀，政治協商必須先取得台灣人民同意授權，事後由人民複決。深化民主、人權與法治，作為國防、外交最堅強後盾。 14.加強八卦山脈水土生態保育。推動強化水資源永續利用，促進節水產業發展。,
南投縣,一,馬 文 君,1,中國國民黨,一、正直敢言為家鄉南投向中央發聲，堅持認真理性、專業問政，深根基層、用心在地服務，傾聽民眾聲 音，善盡立委職責。 二、關心婦幼、身心障礙者、弱勢團體、新住民就學、就業權益，建置完善高齡社會健康照護體系，創造 青年在地生活就業機會，全面提升南投醫療院所品質。 三、守護教育，改善學校教學環境設備、運動設施，縮減城鄉教育資源差距，提升學童競爭力，正視單親 和隔代教養家庭問題。 四、持續關心農民權益，開放農業外勞，改善農水路、野溪整治、農田水利建設，促進農村再生及發展， 推動在地農業特色經濟，農民收入倍增，創造南投富麗農村。 五、創造在地勞工就業機會，提高勞工所得，保障勞工穩定就業，定期檢討基本工資，改善勞工就業環境 ，照顧勞動者老年退休生活。 六、重視體育、藝術文化人才培養，留住人才在南投扎根傳承，積極推動體育、藝文發展，爭取經費增建 體育、藝文場館，帶動縣民運動、藝文風氣普及社區、職場。 七、爭取重大交通建設，建構完善交通網絡，倡導低碳載具、環保旅遊型態，守護土地和環境，珍視客家 文化，推動客家文創產業聚落，協助縣府爭取中央資源，打造南投觀光休閒首都。,
南投縣,二,許 淑 華,1,中國國民黨,一、制定利國、利民、利生態的綠色法令。 二、修改不合時宜法令，增列有助國家發展社會平權法令。 三、選民服務，爭取中央經費及社會資源，推動各項施政： 　　1、全面改善交通，重視偏遠路況。 　　2、多元發展觀光，俾利地方發展。 　　3、活化工商產業，增益全民福祉。 　　4、振興精緻農業，豐裕農民收益。 　　5、優質教育環境，加強公民教育。 　　6、助老幼濟貧弱，佐助弱勢社團。 　　7、均衡城鄉落差，福利全國平等。 　　8、提昇醫療水平，輔助偏鄉醫政。 　　9、扶植文化創意，建構進步文明。 　　10、落實環保家園，美化生活環境。,
雲林縣,一,蘇 治 芬,1,民主進步黨,經濟產業 1、新農業政策：安全生產專區，扶植社場中衛體系；以計畫生產、取代進口為目標；青農技職納入教育體 系。 2、新能源政策：推動電業自由化；爭取在地「日頭專案」，發展太陽能風力發電、綠能養殖專區。 3、新生活經濟：以農博基地為核心的百大亮點，結合台糖軌道，促進在地觀光產業。 4、農業會展園區：以虎尾高鐵站為起點，爭取「農業會展園區」，讓雲林領銜農業成為亞洲新亮點。 5、爭取台糖、國防部和公有土地，盤整政策之優劣，推動功能不一的土地利用（例北港六星計劃）。 社會福利 1、實現在地老化，配合個人需求，提供從支持家庭、居家、社區到機構式照顧的多元連續服務。 2、培訓足夠的本國長期照顧人力，提升長照品質與創造就業機會。 3、以租稅公平為原則，提供充足穩定的長期照顧財源。 環境保護 1、推動中央修法(1)禁燒生煤及石油焦，並提高天然氣發電。 (2)以雲林縣政府歷經五年的流行病學研究，針對不同汙染物排放進行加嚴的法令。 2、整治濁水溪揚塵，規劃環境保育林、人工濕地及水塘；加強低灘地管理，減少河床裸露面積及時間。 3、檢討水資源政策；保存埤塘，廣設滯洪池，推動地下水庫，解決下陷問題。 文化政策 1、爭取縣內現有館舍規劃成博物館群。（例北港文化中心有典藏、表演藝術、工藝文創） 2、爭取設置縣立圖書館，豐富縣民精神生活。 3、爭取設置新住民文化故事會館，深化教育部「全國新住民夥伴計畫」，促成「新住民子女留學專案」，培 養前進東協的人才。,
雲林縣,二,劉 建 國,1,民主進步黨,1創造友善醫療環境及樂齡社會：促成台大雲林分院通過106年準醫學中心；建立雲林首座高齡友善醫院；實施長者優質醫療照護計畫、老人失智症 篩檢及醫療照護措施；建置長者遠端監測網路系統；爭取低底盤公車，長者行無障礙。2推動環保立縣：加強防治河川揚塵、設置監督空污機制、 訂定空污總量管制；推動禁燒生媒條例、能源轉型、環境權、健康權與徵收碳稅（費）及石化產業專區設立國家級災害應變中心。三滋養雲林，農 業改革：以西螺（已爭取七億）的富麗農村風情小鎮為軸心，漸進聯結周邊鄉鎮，塑造一鄉一特色的雲林農牧業共榮圈；推動雲嘉農業特區發展條 例及農業保險；增修農會法；設立高價值農產品示範區，輔導轉型觀光農場及網路串連式行銷。四擴增大眾運輸網絡：持續擴大已爭取雙鐵雲林站 接駁公車及快捷公車運輸、綠色運輸網路系統；增列雲林好行觀光列車。五改善偏鄉教育：釐清中央及地方權責，穩定偏鄉教育預算；賡續推動雲 林牙聯健雲學園課後輔導計劃與新住民生活輔導、權益照顧維護；增強弱勢家庭、長者及新住民等衛教觀念。六扶植弱勢家庭，免於貧窮威脅推動 家庭發展帳戶，協助低收入戶自立、自主；推動兒童發展帳戶，擺脫青年貧窮。七已修法改制，因應少子化：鼓勵女性勞工生育，爭取國民年金保 險生育給付增為兩個月；推動生產事故救濟補償條例，降低醫療糾紛；解決女性勞參率的困境；充實保育設施、完善生產育兒及就業環境等政策。,
嘉義市,,李 俊 俋,1,民主進步黨,一、堅持兩岸交流對等尊嚴、確保國家主權完整與民主選擇： 推動兩岸協議監督條例，確保兩岸交流對等尊嚴，協議簽訂公開透明，提升人民參與，避免黑箱。 二、推動國會改革、建立全民國會： 確立權力分立，建構國會完整權能，提升議事專業化；協商制度透明化，破除黑箱政治，強化民主課責 ；落實國會議長中立化，避免政黨干預國會獨立自主。 三、擴大公民參與、推動青年參政： 推動18歲選舉權，落實青年參政；降低修憲門檻、打破鳥籠公投、廢除集遊法，擴大人民參與；修改選 罷法，開放民眾監督開票、修正罷免門檻，還權於民，建立台灣新政治。 四、落實公平正義、縮短貧富差距： 制定政黨法，追討政黨不當黨產，實現轉型正義；推動政黨入憲，確立政黨公平競爭；推動年金改革， 縮短公勞差距，消弭階級對立，穩健國家財政。 五、推升地方經濟、創造在地就業 整合中央與地方資源，利用公共資源投入，串連產業合作，促進異業結盟，共同發展在地特色經濟，創 造就業機會，減少青壯人口流失。 六、發展在地文化、營造文化嘉義 透過社區營造，增加公民參與，凝聚社區意識，由下而上營造文化環境，籌辦藝文表演活動，發展在地 特色文化，並與國際連結，提升嘉義軟實力。,
嘉義縣,一,蔡 易 餘,1,民主進步黨,第一、轉型正義計畫：推動政黨法、不當黨產處理條例，追回已脫產之不當黨產，還給國家，還給人民。 第二、憲政改革計畫：(1) 推動十八歲青年投票。(2) 調整立委席次，打破票票不等值。(3) 廢除監察院、考試院，落實三權分立。 第三、正常國家計畫：廢除台灣省政府、福建省政府、蒙藏委員會，節省國家公帑。 第四、司法改革計畫：修訂法官法、檢察官法，評鑑機制外部化，落實陽光司法，啟動人民陪審，打破恐龍法官與檢察官濫權起訴。 第五、故宮升級計畫：落實文化分權，故宮再升級，格局比照台北故宮，南北平衡發展，利用故宮的資源，協助青年發展文創。 第六、馬稠後第二期開發計畫：解決水電供應問題，催生馬稠後產業園區第二期計畫，創造就業人口。 第七、農漁業升級計畫：輔導青年農民返鄉，精進生產技術，補貼農漁用電，創造農夫市集，擴大物流行銷國際。 第八、老人福利計畫：落實長期照顧，讓老人安養有保障。 第九、食品安全計畫：爭取嘉義縣設立食品安全南部檢驗中心，建立農漁牧旗艦品牌，為食安把關。 第十、擴大商港計畫：爭取興建布袋港南北防波堤，提升布袋港成為多功能港埠，發展遊艇觀光及運輸貨物中心，復育虎尾寮沙灘，振興經濟帶動人潮。 第十一、無淹水家園計畫：針對易淹水地區，爭取納入中央治水計畫，保障人民生命財產安全。 第十二、教育安心計畫：終結 12 年國教亂象，讓家長安心。,
嘉義縣,二,陳 明 文,1,民主進步黨,一、顧產業：加速大埔美精密機械園區開發，增加就業機會及人民所得。 二、護農業：推動農業保險、設立農業博物館、修正農業天然災害救助辦法，保障農民生計並朝永續農業發展。 三、照顧弱勢：保障老人、新住民及單親婦女權益，並滿足偏遠地區之民生基本需求。 四、完善國土規劃：檢討區域計畫並放寬林班地之土地合宜使用。 五、力促區域均衡：爭取雲嘉嘉區域發展基金、推動財劃法修正。 六、健全交通及觀光網絡：爭取鐵路高架化，強化山區接駁及步道功能，建構觀光遊憩路網；爭取森林鐵路復駛，列入世界遺產。 七、食的安心：建立生產履歷，加強食品安全把關。 八、永續環境：推動治山防洪政策，開發綠色能源，建立非核家園。,
台南市,一,葉宜津,1,民主進步黨,1、落實食安五環(新創毒物及化學品專管機構、重建生產管理、10倍查驗10倍安 全、強化黑心廠商責任、全民監督食安)，徹底解決食安危機。 2、主張有財源、社區化的長期照顧體系，讓老人家窩心、家庭不感壓力。 3、主張打照多元、可負擔、優質友善的居住環境，保障人民基本居住權益。辦 理社會住宅、發展租屋體系、強化房市治理相關法令修改。 4、台灣要走出能源與環境分治對立的政策，奠定綠色生活的新基礎。在台南沙 崙成立創新綠能科技園區，作為這個生態系的樞紐；把各地的研發、製造和 人才、資金連結起來。 5、以創新及價值導向作為競爭力基礎，注重社會均衡發展，並兼顧世代及環境 正義。透過廣納、包容更多人的參與，開拓一個智慧、公平、永續的台灣新 經濟。 6、實踐世代正義、改革政府效能、啟動國會改革、落實轉型正義、終結政治惡 鬥。 7、台61線繼續延申跨過曾文溪，興建曾文溪景觀大橋，建構台南三縱四橫的交 通網路。 8、爭取新營地區鐵路立體化工程計畫，串聯鐵路東西兩側土地，改善交通瓶 頸。 9、翻轉由上而下的文化治理，建構創作自由支持體系，落實文化公民權，重建 和再現土地與人民的共同記憶，確保文化多樣性，以在地文化涵養社區生 活，提升文化經濟的文化內涵，Culture Next開放與創新⇧ 新世代、新科技， 善用文化軟實力重返國際社會。,
台南市,二,黃偉哲,0,民主進步黨,觀光文化 1.串連蕭壟、總爺等歷史文化園區，連貫園區特色。 2.修復活化古蹟、歷史建築，厚植文化深度。 產業 1.推動沿海養殖漁業專區。 2.推廣精緻農業，小農產業精緻化，鼓勵青年返鄉。 3.推動成立台南農產品運籌行銷中心。 4.加速傳產技術升格，強化整體發展。善用在地人才資料，透過產學合作，促進 產業創新發展。 勞動 1.推動產業升級，強化勞工權益。 環境 1.加快曾文溪、急水溪等市境主要河川整治期程。 2.強化污水管線工程。 交通 1.加強高鐵與市區交通接駁功能。 2.建設藍色公路。 教育 1.推動中低收入戶兒童優先進入公立幼稚園。 2.促進產學合作，擴大實習機會，提升就業力。 3.改善偏鄉學校軟硬體設備，推動優秀英語、藝術、體育老師下鄉。 社福 1.落實公共托育制度，優化生育教養環境。 2.醫療健康檢查巡迴。 3.設立小規模訓練作業所，保障身心障礙者擁有一技之長及工作機會。 新住民 1.結合鄰里原有之功能，提供新移民多元學習機會及協助融入在地生,
台南市,二,郭國文  ,2,民主進步黨,一、研擬提高薪資方案，逐步消弭低薪工作型態，輔導低薪產業轉型。 二、再造技職教育體系，提升就業教育品質與滿足實質產業需求。 三、健全勞保財務，落實政府撥補責任，確保勞保給付無虞。 四、擴大南科產業基地範圍，並與沙崙園區連結，強化台南經濟引擎動能。 五、推動山區、溪北區域農漁產穩定供銷方案，解決產銷失衡問題。 六、持續爭取與督促前瞻計畫之水環境建設，從水文根本治水，並強化應急設施。 七、落實前瞻建設台南鐵路立體化延伸至新市善化計畫，提升行的安全與效率。 八、推動財政收支規劃法修法，促成財政權下放至地方政府，提升地方行政效能。 九、推動有感司法改革，提昇法院審判品質，淘汰不良司法人員。 十、督促建構打擊虛假訊息機制，防止錯誤資訊分化挑撥，造成社會分裂。 十一、推動以流域、水圳為基礎之人文生態網絡，串連由海邊到山區的文化路徑。 十二、串連在地農漁產、歷史文化資源，打造特色文史物產觀光軸線，行銷國際,
台南市,三,陳亭妃,1,民主進步黨,堅持台灣主體性，強化國家競爭力與國際連結，力推台灣成為正常化國家。 一、推動完成18歲公民權。 二、推動下修公投法與罷免門檻。 三、推動國會改革：建構一個人民的、參與的與專業的國會。 四、協助政府推動加入TPP、FTA。 五、推動黨產歸零：處理不當黨產處理條例。 六、把關食安、督促政府落實食管法，杜絕黑心食品。 七、力推核四不商轉、2025年非核家園。 八、督促政府落實河川治理與解決水患問題，打造休憩環境。 九、督促政府落實「中研院南部院區」經費編列。 十、爭取「國家圖書南部分館」設置台南，建全資訊平台。 十一、爭取沙崙成立「創新綠能科技園區」，帶動周邊產業投資。 十二、爭取教育經費與資源，改善國中小老舊校舍，讓學童上課專心、家長安 心。 十三、爭取培訓經費，讓台南優質體育運動選手耀眼國際。 十四、爭取及扶助在地文藝團體補助經費。 十五、捍衛本土，爭取國中母語課程列為必修。 十六、捍衛弱勢權益，完善社福制度及身障者權益。 十七、捍衛勞工權益，爭取勞工創業低利貸款與權益。 十八、捍衛婦女權益，協助婦女就業與及增設公托機構與學校課後輔導。 十九、捍衛農漁民權益，爭取寬列天然災害救助機制並解決各項困境。 二十、捍衛青年權益，協助青年就業和創業。 二十一、捍衛中小企業權益，強化投資環境，創造多元就業機會、降低失業人 口。 二十二、完善長期照顧體系，爭取偏鄉醫療資源，讓老人與身障者獲得優質服 務。 二十三、爭取台南生活圈道路經費，打造繁華大台南經濟生活圈。,
台南市,四,林俊憲,1,民主進步黨,一、堅持台灣主體意識，從維護國家主權、培育本土文化、健全基礎教育等方向 努力，體現人民所共同追求的台灣價值。 二、推動新時代憲政改革，建立符合國家發展所需的進步體制架構，包括修改公 投法門檻、降低民選公職罷免限制、通過投票權為年滿十八歲等相關法案。 三、督促新政府展現行政革新效能，尤以重整國家財政為首要，在資源合理分配 原則下改革各項年金危機，活絡政府建設投資動能。 四、研擬各項獎勵產業發展法案，推動企業以創新、創意策略擴大國內投資增加 國人就業機會，並且前進國際新興市場，擺脫紅色供應鏈牽制，建立台灣經 貿競爭力與自主性。 五、建立弱勢諮商服務平台，定期邀請各類社團參與，檢討現行弱勢權益需求與 照顧的法規是否完備，打造符合公平正義的社會福利制度。 六、擴大青年參與社會、政治改革的機制，除了持續強化定期性青年營學習講座 外，未來將推動青年國是會議，讓年輕世代可以就國家發展現況發聲。 七、打造老年人口完備的生活體系，除協助建立完善的長期照護制度外，關於年 長者的居住品質、休閒環境、醫療服務、心理輔導、生活費用，也應有個別 的立法保障。 八、協助提升台南城市競爭力，爭取公平合理的直轄市統籌稅款分配；爭取中央 支持完成重大基礎建設，包括完成鐵路地下化、打造捷運等便捷路網需求； 爭取多功能會展中心園區的設置，協助各項新興產業蓬勃發展。,
台南市,五,王定宇,1,民主進步黨,一、落實台灣優先理念，拒絕一個中國框架。 二、連結牛埔農塘、308高地、虎形山公園、竹炭故事館等182沿線景點，讓龍 崎成為大台南知性休閒好所在。 三、加速沙崙綠能產業科技園區及聯外道路開發時程，讓歸仁沙崙特定區成為大 台南未來機會之窗。 四、加速砲校新址開發，增加在地消費，促進農特產品精緻化，提昇農民收益， 減緩關廟人口流失。 五、連結奇美博物館、十鼓文化園區、大台南都會公園，建構文化休憩新廊道， 增加仁德觀光收益。 六、配合台南市政府，促成永康砲校舊址成為文創園區，讓大台南總圖書館順利 進駐。 七、督促內政部儘速通過永康跨區重劃案，新闢公園，提昇生活品質。 八、結合在地、政府資源，擴大廠商投資，創造就業機會，吸引人才回流，讓新 豐舊郡成為大台南亮眼新都。,
高雄市,一,邱 議 瑩,1,民主進步黨,　議瑩的五大承諾 一、為孩子們打造更美好的未來 二、為阿公嬤打造更安康的人生 三、為爸媽們打造更和樂的家庭 四、為鄉親們打造更安全的家園 五、為各區間打造更便捷的交通,
高雄市,二,邱 志 偉,1,民主進步黨,建設經濟具特色；社會福利更全面；環境保護推永續；教育文化須深耕。 【經濟發展結合地方產業特色】 一、空：推動「小港機場」為國際旅客中轉站振興高雄觀光產業。 二、海：沿海「藍色經濟帶」－結合漁村文化及漁業資源。 三、路：興建「農漁產民生物流園區」作為南台灣貨源集散地。 四、國際：提升「螺絲產業」成為國際級產業聚落。 【社會福利打造社會安全網】 一、長者：提高老人與農漁民津貼補助；推動「永續社會安全網」落實在地老化及社區照護。 二、青年：修改《就業保險法》提供「青年初次尋職津貼」；鼓勵企業雇用在地青年。 三、幼兒：設置各區「公共托嬰中心」；放寬「幼兒教育券」發放門檻。 四、婦女：打造友善育兒環境、保障婦女就業名額。 【建設與環境兼容並蓄】 一、空氣：協助落實「高屏空氣污染物總量管制」－空污減量。 二、海岸：持續爭取築堤護岸經費改善海岸侵蝕問題。 三、道路：完善交通網－爭取高雄捷運延伸至路竹區及湖內區。 四、河川：爭取中央治水與流域管理經費。 【文化教育紮根發揚】 一、賡續推動眷村文化保存；深化地方文史教育工作；培力在地文史青年種子。 二、發放「藝文券」及「圖書券」厚植教育力。 三、建立區內產學合作機制－減緩學用落差。 四、爭取學校建設經費打造優質學習環境。,
高雄市,三,劉 世 芳,1,民主進步黨,一、盡速通過「不當黨產處置條例」，建立政黨公平競爭機制。 二、推動國防自主產業，整合產官學研合作，提升台灣自主防衛能量。 三、廣設社區關懷據點，結合居家服務及長期照護，建構政府、社區、家庭聯合照顧網絡，實踐「在地老化」的 老吾老政策。 四、打通左楠十字動脈： 1、打造左營三鐵共構園區為南方新門戶。 2、延續聚落文化景觀，重新檢討眷改政策，中央與地方共同參與眷村活化及保存。 3、盡速開闢「新台17線」，發揮聯外道路功能。 4、加快「鼎力交流道國10接國1北上高架路段」開闢，改善東西向交通瓶頸。 5、強化國訓中心與世運主場館功能，結合觀光產業，推動運動休閒園區。 五、推動產業轉型升級，追求環境永續發展： 1、中油五輕廠區，朝向生產、生活、生態的「三生新綠園」規劃發展： （1）推動「綠經濟科技園區」，引入綠能、環保等產業，帶動高雄產業轉型。 （2）啟動國營事業宿舍都更計畫，建置「安居樂業宅」，安置原居住員工，融入新移入人口。 （3）盡速進行污染區的整治，朝「生態公園」規劃。 2、持續推動楠梓加工區產業升級，形成高科技產業聚落，創造就業機會。 3、推動中油總部南遷，落實管線安全管理，實現財稅正義。,
高雄市,四,林 岱 樺,1,民主進步黨,林岱樺長年在國會經濟委員會，重視大寮、林園、仁武、鳥松經濟發展，林岱樺認為只有高雄好，台灣才會更好，不管大小地 方事，林岱樺都為您做到最好。 一、『交通』－讓城鄉沒有距離： 　　推動捷運林園延伸線、鳳松輕軌捷運線。 　　推動區域交通平衡發展，縮小城鄉差距，促進地區繁榮 二、『教育』－贏在起跑點的下一代： 　　改善教育環境，提升教學設備，促進區域教學品質及平衡教學資源分配。 三、『長照』－普及、平價、優質的長期照護系統： 　　促進政府推動各區老人日托、扶助老人社區參與及補助計畫，以因應日趨嚴重的人口老化問題。 四、『就業』－人人安薪樂業的生活： 　　推動廠商優先錄用在地人才，促進地方就業機會。 　　鼓勵新住民參與並融入社區活動，督促政府重視族群融合，成就平等就業機會。 五、『民生』－打造宜居城市： 　　改善各區排水系統，務必在雨季避免再有積水及淹水的狀況，影響居住安全與品質。 　　增進社區公園開發，鼓勵社區營造，提升居民活動空間，發展優質生活環境。 六、『產業』－在地連結，打造高雄產業聚落： 　　(一)仁大澄觀新區開發。 　　(二)重塑高屏溪山水遊廊。 　　(三)改善工業生產設備，減低污染。 　　(四)打造鳳山丘陵南段風景特定區。 　　(五)『和發產業園區』打造為南台灣綠能新興產業廊帶。 　　(六)持續完善群眾募資法，增加中小企業募集資金管道。,
高雄市,五,管 碧 玲,1,民主進步黨,一.扭轉產業重北輕南之偏失，強化投資高雄，增進高雄子弟就業。 二.推動國會改革，並堅持台灣與中國簽訂雙邊協議之透明及國會監督。 三.持續監督政府落實國際參與、強化台灣之地位，捍衛國家主權與尊嚴。 四.建立有效法律體系，把關食材食品衛生安全，維護人民食安基本權益。 五.促進網路通訊環境，保護網路個人資料隱私安全、促進政府資訊透明。 六.健全社會住宅機制及幼托教育系統，使年輕人無後顧之憂。 七.反對高雄捷運採BOT，要求中央負擔經費，全面佈建輕軌、捷運、快速道路，健全高雄交通路網。 八.衛武營、流行音樂中心時代來臨，強化在地文化產業，扶植高雄藝文專業人才。 九.持續推動文化資產保護及國家與地方鐵道博物館文化園區體系。 十.由政府投資推動鹽埕、旗津及哈瑪星街廓再造，繁榮地方。 十一.爭取落實旗津醫院24小時急診；專案解決旗津港埠用地爭議，暫停所有訴訟程序。 十二.加強海洋觀光投資，規劃旗津第二聯外道路，解決貨櫃車與民眾爭道問題。 十三.充實鼓山大樓區教育、文化、運動設施，及幼兒活動遊憩空間。 十四.協助高雄鐵路地下化後城市廊道之綠化與商業振興，並堅持土地無償撥用。 十五.維護及扶植傳統市場與傳統民生商業店家的生存發展。 十六.強化母語教育，推動「國家語言發展法」，建立「國家語言資料庫」，公共場應提供母語服務。 十七.推展高雄客家文化保存與生態產業群落，創造客家子弟就業機會。 十八.檢討公寓大廈管理條例，由政府提供培訓計畫，全面提升公寓大廈管委會法治與財務管理能力。,
高雄市,六,李 昆 澤,1,民主進步黨,一、堅守台灣主權：堅持台灣前途由台灣人民決定、推動兩岸監督條例立法，確保兩岸交流符合法治與民主程序。 二、啟動國會改革：建構一個人民的國會、開放的國會與專業的國會。 三、落實區域翻轉：檢討南北資源分配，推動區域聯合治理。 四、完善食安管理：建立源頭管控機制，強化市場查驗，提高檢舉獎金，讓民眾食的安心。 五、建立均質教育：擴大學前教育公共化，規劃各職種技職教育，高教學費調整制度化，推動弱勢學子教育儲蓄發展帳戶。 六、建構無礙社會：促進身心障礙者社會參與，創造友善親子環境，落實國際公約。 七、維護銀髮尊嚴：建構平價、有效且優質的長照體系、建立永續年金制度。 八、增進婦女地位：加強婦女勞動參與、兩性就業平等，建構無暴力生活環境。 九、青年安居樂業：營造青年創業環境、打造可負擔的居住環境、普及公共托育。 十、捍衛勞工權益：勞保安心條款優先立法，基本工資每年調整，落實勞動檢查。 十一、重建客家光榮：立法明訂客語為國家語言，推動客家文化走向世界。 十二、推動城市轉型：推動高雄機場為廉價航空基地、高雄港為郵輪母港，讓高雄與國際接軌。 十三、改善鼎金系統：接續已爭取並完工之鼎力路南下出口匝道，推動國10東向銜接國1北上匝道，要求辦理鼎金系統整體改善 計畫，逐步解決壅塞問題。 十四、延伸輕軌路網：爭取輕軌都會延伸環線，建構三民區完整公共運輸路網，改造沿線都市空間，營造翻轉三民新契機。 十五、強化治水防洪：持續推動本安、鼎金系統滯洪公園及寶珠溝滯洪池，完善基礎排水設施，保障居民生命財產。 十六、打造觀光亮點：推動金獅湖及澄清湖新意象計畫，讓雙湖再現昔日風華。,
高雄市,七,趙 天 麟,1,民主進步黨,產業的高雄－創新引資，經濟躍昇，亞洲新灣區將成為南台灣產業轉型的領頭羊 1.傳統優勢產業升級 2.新興潛力產業培力 環境的高雄－綠能、低碳、減汙染 1.推動高雄市成為亞洲氫能城市願景。 2.溫室氣體減量，持續推動空污法總量管制及「室內空氣品質管理法」。 健康的高雄－運動、醫療不能少 1.主辦世界級馬拉松賽事。 2.推動成立「亞洲熱帶醫療研究中心」。 文化的高雄－仲夏親子藝文，年年樂活不間斷；古蹟重生，活絡文化內涵 1.連年舉辦「仲夏樂活節」，讓親子藝文活動深入社區基層。 2.歷史古蹟「逍遙園」重生，結合地方文史團隊活化古蹟內涵。 3.活化利用舊市議會建築主體。 世代安心的高雄－完備各世代照護服務 1.修正「財務劃分法」，讓高雄財政更健全。 2.修正「勞工保險條例」，保障勞工老年生活沒煩惱。 3.幼兒教育券向下延伸至2歲，減輕父母負擔。 4.推動社區長照據點，修正「長照保險法」。 建設的高雄－輕軌、鐵路地下化陸續上路，健全公共路網運輸 1.輕軌串連捷運，健全公共路網交通。 2.加速推動鐵路地下化，結合捷運與輕軌，提供更好轉乘服務。,
高雄市,八,馬 凱 妮,1,社會福利黨,1.全面推行無障礙環境認購 2.全面補助各障別申購生活輔具經費 3.全面施行老人及身障者看病免掛號費 4.全面支持老人長照 5.全面放寬身障者申請看護工資格 6.全面補助低收入重度身障者看護費用 7.全面補助身障者專業教育及職業訓練經費 8.罕見疾病是不受重視的〝小眾〞身障者，政府應速立法訂定明確可行之政策並編列充足之預算，予以照顧罕病 者，並贊助相關的研究機構從事基礎醫學研究，期盼研發出有效的各種罕病治療法。,
高雄市,九,賴 瑞 隆,1,民主進步黨,1、落實產業減污目標　積極改善環境污染 　前鎮小港是工業集中區，中央政府應督促各高污染企業訂定減污目標落實執行，並將空污基金等經費有效運 用，空氣污染逐年下降。 2、延伸捷運至鳳鼻頭　海上觀光新動線 　捷運延伸至鳳鼻頭成為藍色公路起點，串連通往小琉球、東港甚至墾丁，形成海上觀光新動線。 3、全力發展綠色運具　提供市民行的安全舒適 　全力發展輕軌等多元載具，降低空氣污染，讓居住、工作者有更好的交通選擇。 4、追蹤大林蒲遷村進度　落實居民環境公平正義 　中央政府當年設置工業區，讓大林蒲鳳鼻頭生活品質差，中央應負責主導推動大林蒲遷村問題，以徹底解決 居民生活品質。 5、四年種植十萬棵樹　成為花園城市 　未來四年內目標種植十萬棵樹淨化空氣，開花時更可吸引人群，由國公營企業帶頭做起，綠化開放空間成為 市民新綠地。 6、發展大坪頂成為夜間觀光賞景新地標 　大坪頂應發展為夜間觀光賞景新地標，讓遊客前往賞日夜景並品嚐美食，享受悠閒時光。 7、推動海洋觀光漁業　發展藍色經濟 　第一港區結合旗津、駁二特區等地，全力推展觀光、文創、遊輪等產業，強化漁產國內外品牌行銷。 8、加速「亞洲新灣區」鬆綁國有土地 　亞洲新灣區土地70%在國公營事業，擬訂策略鬆綁土地，督促發展與就業機會。 9、港市合一　互利合作共創多贏 　高雄港與高雄市政府共同合作發展，鬆綁不合時宜政策，積極合作面對國際港口城市競爭。 10、增加航點航班　改造小港新機場 　預先規劃新高雄國際機場位置，增加航線、航班以面對日益增多的觀光、商務需求。,
屏東縣,一,蘇震清,1,民主進步黨,"一、力拼首次國會政黨輪替,共同捍衛國家尊嚴民主價值。 二、推動穩健農業,推動對地補貼與農業保險制度。 三、推動安全農業,落實農產溯源制度,重振食安信心。 四、推動強勢農業,屏東農業科技園區升級,型塑農業生技產業聚落。 五、推動十年長照2計畫,打造社區型長照醫療系統,提供在地老化的安心環境。 六、推動合理普及的公共托育服務,支持女性充份就業。 七、扶助中小企業發展,創造青年返鄉就業和創業機會。八、檢討國教政策與資源分配,加強客家與本土人才培育。 九、建構屏北鐵公路網,建設南二高至新威大橋快速聯絡道。 十、推動屏東海洋觀光休閒產業,開發多元觀光漁港。 十一、推動美學體驗,活化藝文場館,鼓勵青年創意開發屏東特色人文產業。 十二、重視動物權益,落實源頭管理,改善流浪犬貓收容與認養作業,強化相關動保措施。",
屏東縣,二,鍾佳濱,1,民主進步黨,"三大目標:「留縣升學、返鄉就業、在地安養十大作法: 」1. 爭取中央資源,將萬年溪環境營造延伸到殺蛇溪,打造水岸廊帶。2.推動臺鐵捷運化沿線土地再生,帶動屏東車站附近舊有商圈活化。3.加速大武營遷建,結合鐵路高架後商圈活化及水岸廊帶,構築屏東市綠色副都心。4.推動麟洛設置國際運動春訓基地。5. 利用旅遊觀光串聯六堆各聚落文化與環境特色,強化亮點、相互加成。6. 發展萬丹畜牧、紅豆等特色農業,結合屏東-東港高屏溪畔水岸自行車道,發展觀光。7. 爭取中央技術資源,建構南台灣綠色重鎮,建構完整綠能產業鏈,創造綠色就業機會。 8.要求中央調整教育資源,強化國中以上技職教育,以銜接本縣國中開始之職業陶冶、適性輔導政策;並提升在地高等教育,讓年輕人可以留縣升學。 9.爭取中央級醫療資源,改善屏東醫療環境。 10.爭取中央資源,利用公私有建物,廣設高齡照顧服務中心及托幼中心。",
屏東縣,三,莊瑞雄,1,民主進步黨,"一、專業、專職、親自服務發揮律師專業,堅持擔任專職立委, 每周固定時間親自服務,謹守監督政府、為民把關職責,完全利益迴避。 二、強化交通建設、行銷觀光產業 1.持續爭取台鐵恆春支線、潮東段電氣化工 程建設,活化恆春機場,建構屏南地區 海、陸、空交通網絡。 2.行銷各鄉鎮特色漁產,推廣各農村特有農 產,推展農漁村觀光旅遊,發展海洋休閒觀光產業。 三、保障農漁民權益、健全農漁業發展1. 爭取漁汛期間,海巡署偕同國防部擴大護漁,確保漁民正當捕漁權及人身安全。並 要求健保署針對未收到外籍漁工健保卡之 漁船主,暫緩繳納健保費並撤回法院執行。 2. 爭取農業發展基金及農業病蟲災害補助, 並將農作物納入保險,保障農民權益,健 全農業發展。 3. 爭取河川排水工程建設,配合縣府整治河 川、整合防災,繁榮水岸發展,發揮海洋經濟力量。 四、打造優質教育、增加醫療資源1. 爭取中央教育資源,健全優質教育環境, 挹注各鄉鎮學校軟硬體設施,維護弱勢及 偏遠地區孩童受教權益。 2. 爭取小琉球及恆春半島醫療人力增加,建 構完善醫療體系,解決偏鄉醫療資源缺乏 問題,提升偏遠地區急症、重症照護能力。 五、力挺英派革新、打造幸福屏東堅持力挺蔡英文選總統,讓屏東成為總統的故鄉。未來中央、地方聯手,打造 安居樂業、幸福屏東。",
宜蘭,,陳歐珀,1,民主進步黨,一、點亮台灣　支持五大政治改革 1. 實踐世代正義 2. 改革政府效能 3. 啟動國會改革 4. 落實轉型正義 5. 終結政治惡鬥 二、顧好宜蘭　推動五大在地主張 1. 提升醫療資源　完善老幼照護 (1) 恢復陽大附醫為醫學中心，爭取陽醫成為重度急救責任醫院。 (2) 爭取充裕財源、社區化的老人長期照顧體系。 (3) 建立平價優質的托育服務。 2. 打造非核家園　建立永續環境 (1) 堅決反對高階核廢料放置大南澳。 (2) 核四廠直接停建。 (3) 推動節能減碳立法，發展綠色與再生能源。 3. 實現土地正義　維護農民權益 (1) 催生「農業基本法」、「農業部組織法」、「有機農業促進條例」、「農 業保險制度」。 (2) 修正「農業發展條例」、「農民健康保險條例」保障農民權益。 (3) 發展有機農業，落實農地農用，改善農民生計。 4. 完備交通網絡　紓解觀光車潮 (1) 主張北宜直線鐵路經坪林規劃案。 (2) 爭取鐵路平原線高架化興建。 (3) 爭取頭城交流道上下匝道改善工程與蘇澳服務區建置。 (4) 爭取東西橫向宜蘭聯絡道路延伸至員山鄉、二結連絡道路延伸至三星 鄉。 (5) 爭取興建西環山腳道路（台二庚線），促進觀光與紓解縣內交通壓力。 5. 發揚宜蘭精神　捍衛宜蘭價值,
花蓮縣,,蕭美琴,1,民主進步黨,鐵路便捷化：推動北迴線三軌化、花東線雙軌化，增加鐵路運能與調度彈性；加速票務系統更新，剩餘票透明化；協助縣府常態辦理返鄉專車，舒緩鄉親佳節返鄉、上工購票困擾。 花東公路四線化：全線拓寬，結合沿線鄉鎮特色，營造花東縱谷觀光景觀大道。 公車友善化：提升公共運輸效能，推動「需求反應式公共運輸系統」(DRTS)，服務偏遠村落社區。 擴大觀光產業利基：增加陸客自由行、優質團比率，爭取東南亞新富客群；營造太魯閣國家公園衛星景點，提高周邊鄉鎮經濟收益。 食安第一，農產增值：釋出國有土地，增設「有機農業專區」；推廣「產銷履歷」，再創花蓮「無毒農業」品牌價值；持續推動農產品加工，建構完整六級化產業鏈，增加農村就業，保障農民收益。,
台東縣,,劉櫂豪,1,民主進步黨,一、持續配合縣政府、議會、鄉鎮市公所、代表會向中央爭取年度施政計畫預算補助。二、問政、選民服務不分黨派、不分族群、台東優先。三、交通建設：1.督促南迴鐵路電氣化於109年完工，台東高雄車程90分鐘。2.加速花東、南迴鐵路雙軌化計畫，解決一票難求的問題。3.督促交通部改善台鐵售票系統，持續督促連續假期東部交通疏運。4.爭取大武漁港、長濱漁港整體改善，徹底解決淤砂問題。5.督促台九線縱谷段改善計畫。6.督促太平溪左岸路堤共構計畫。四、文化環境觀光：1.爭取建置自由行旅客友善觀光環境。2.保存在地歷史建築，提升台東多元文化特色及城鄉景觀。3.爭取八仙洞與水母 ㆜橋列為世界遺產潛力點。4.推動非核家園，堅定拒絕台東設核廢料最終儲置場。5.爭取中央政策支持，鼓勵綠色能源產業在台東發展。6.持續推動花東各段自行車道連結，建置花東鐵馬國道網。五、醫療政策：1.爭取設立醫療專責基金，改善醫療資源不足問題。2.爭取中央增購加護型救護車及居家看護車。3.強化緊急傷病空中運送機制及醫療協助。4.爭取醫護相關學系公費生名額，解決偏鄉長期醫療資源缺乏問題。六、教育政策：1.推動台東設置國家 及高地訓練中心，成為培養體壇人才的搖籃。2.協助縮短城鄉教學資源差距，保障學童受教權，落實教育正義。3.協助台東農工恢復獨立招生，督促教育部完善台東技職教育體系。七、在地產業：1.推動農產品外銷。2.爭取農林漁牧業產品運輸費用補貼。3.爭取健全災害農損補助程序。4.督促開發海洋深層水產業。5.加強台東各溫泉區基礎建設。6.督促中央檢討公有土地政策，研擬推動「新耕者有其田」。7.爭取設置養魚漁業專區。八、改善警察、消防工作環境，提升警消工作服務。九、爭取婦幼、勞工、農民、老人、身障、新住民之權益。十、持續行動服務專車趴趴GO，減輕鄉親舟車勞頓辛苦。,
澎湖縣,,楊 曜,1,民主進步黨,一、推動澎湖三５計畫 一、爭取５億經費：推動觀光產業發展，提升澎湖旅遊特色，活絡在地經濟。 二、爭取５億經費：清除海域垃圾、復育海洋生態、維護海洋資源永續成長。 三、爭取５億經費：甄補優秀醫事人員、增加醫療器材、持續提升醫療品質。 二、建構完整長期照顧體系，推動社區型照顧中心，讓年長者享有便捷性、在地性的長照服務。 三、持續推動落實軍公教離島加給公平性，縮小澎湖與金馬差距。 四、持續強化取締大陸漁船越界捕撈，保障漁民權益，促進漁業升級。 五、推動離島微型專案貸款，促進青年創業，協助離島產業升級與發展。 六、要求中央政府提出離島永續發展計畫，健全澎湖財政經濟之運作。,
金門縣,,楊鎮浯,0,中國國民黨,一、共創「長者無憂、完善醫療、安心居住、健康樂活夜」 的未來： 1.爭取成立金門長者公費長期照護平台。 2.優先成立心腦血管專科醫療團隊，提升第一線確診能力。 3.健全警消醫護員額並完善相關設施設備，提升大型公安救援能量。 4.爭取廢除離島殘障車輛cc數免稅限制。 5.檢討軍佔民地、國家公園土地及農地自用興建農舍相關問題。 二、共創 腋青年無慮、住者有屋、便捷交通、終身學習夜 的未來： 1.推動設立青年創業園區。 2.推動 腋青年住宅夜 腋社會住宅夜 腋職工住宅夜 的興建。 3.解決金台交通問題開闢海上第二通道。 4.督促金門大橋盡速如質完工，讓小金門鄉親不再受離島偏鄉之苦。 5.成立在職進修管道及終身學習機構。 三、共創 腋孩子安心、父母放心、友善環境、平安成長夜 的未來： 1.爭取提高內政部針對離島弱勢家庭的各項補助。 2.爭取修正所得稅法，提高親屬撫養等各面向之特別扣除額。 3.爭取金門子弟就讀金門大學名額保障及免學雜費。 4.推動生態保育專區，鼓勵發展綠色產業及能源。 5.獎助離島綠能載具汰換，營造無碳生活圈。,
金門縣,,陳玉珍,2,無,一、訂立特別辦法，健全金門地區醫護人員待遇以 腋留人留心夜 ，全面提昇金門醫療品質。爭取 金門成為國際醫療專區，推動兩岸醫療觀光。 二、訂立特別辦法，增加世界名校赴金門辦學誘因以吸引世界名校來金設點，廣招大陸及世界學 子赴金門就讀。藉此增加金門常住人口，活絡金門經濟。 三、活化戰地史蹟資源，提昇觀光內涵。利用軍事營區土地資源，轉化經營為青年創業之用。 四、合理運用公私有土地資源，落實還地於民政策。 五、堅決反對不公不義的年金追殺，誓死保衛軍公教警消的權益。 六、倡建金嶝大橋，提案興建官澳兩岸和平碼頭，建立兩岸海洋公路。,
連江縣,,陳雪生,1,中國國民黨,1. 推動興建北竿3C機場，配合新(舊)台馬輪運能，增加觀光運量。 2. 推動「還地於民」政策，繼續修法。 3. 落實離島建設條例，引進民間資金，擴建星級旅館，提昇旅遊品質。 4. 推動離島經濟自貿區，打造免稅島生活圈，促進地方經濟發展。 5. 運用離島基金融資經費，擴建馬酒廠房，提昇產能，增加地方財源。 6. 推動黃歧北竿經濟生活圈，以觀光倍增10萬人為目標。 7. 提昇觀光旅遊品質，推展無線寬頻，打造e化國際觀光島嶼。 8. 開發大坵島，增建遊憩設施，推動生態旅遊。 9. 推動軍方釋出高登島，增進觀光用途。 10. 設立海洋大學分部，促進兩岸養殖業暨漁產品合作開發。 11. 引進高經濟價值苗木，落實林相更新，豐富生態觀光資源。 12. 修改法令，推動現有民宿合法化。 13. 解決海漂垃圾，與陸方展開協商。,
平地原住民,,廖國棟,1,中國國民黨,一、打造智慧原鄉：全面鋪設原鄉寬頻網路，健全原鄉遠距醫療、遠距教育及產業平台。 二、土地及海域權：制定「原住民族土地及海域法」，維護原民使用土地及海域權益。 三、原鄉照顧關懷：依據長期照顧服務法建置符合原鄉需求的長期照顧體系。 四、保障都會權益：繼續推動都會原住民保障條例，完善都會原住民住宅、母語文化、職業訓練、社會福利政策。 五、花東交通建設：繼續推動花東快速道路，便捷聯絡道，提高花東產業競爭力，增加花東就業機會。 六、花東鐵路改善：推動鐵路雙軌化，提升花東鐵路運載量。 七、母語文化復育：推動海岸山脈兩側阿美族傳統文化生活復育區，復振母語文化。 八、原住民自治權：繼續推動「原住民自治法」，讓原住民實現自治理想。,
平地原住民,,鄭天財,1,中國國民黨,鄭天財秉持聖經：「行公義、好憐憫、存謙卑心」，以法律專長，三十年行政歷練及深入原鄉都市，已開創：1.免費律師專案，設原住民族專業法庭。 2.原鄉桶裝瓦斯補貼差價，原住民意外保險。3.高中職免費就讀，中低收入戶大專生助學金不限名額。4.部落教會已使用公有地免費使用，已修法授權中 央原民會訂定傳統土地劃設辦法（其他權益保障詳看鄭天財臉書）。我要繼續為原住民族開創新權益： 一、土地：原住民族固有權利納入憲法。公布傳統土地劃設辦法。保留地直接登記所有權，取消５年限制。祭祀廣場聚會所等屬於部落的土地，登記所有 權給部落。 二、自治：推動民族自治，完成部落為公法人。 三、教育：４歲免費就讀幼兒園，擴增升學機會，廣設幼童照顧教育平台，培育保母及幼教師。推動民族教育。 四、經濟就業：設原住民族銀行，修法增加進用原住民就業。促進部落產業升級及行銷，活絡部落經濟。 五、住宅：立法興設原住民族住宅，便宜租售及以租轉購，讓原住民安居。 六、語言文化：立法傳承發展原住民族語言、文化，編纂部落歷史，建立部落、教會及同鄉會為語言文化紮根據點。設國家級原住民族博物館。 七、自然資源：依傳統文化祭儀及自用，保障狩獵文化權、野生植物及菌類自然資源採集權。 八、都市原住民：增加預算經費，提供安居、就學、就業、融資、就養、就醫、健康及社會適應等生活發展。 九、預算及建設：花東優先購買火車票，蘇花改加速通車，推動花東快速道路，加強基礎建設，增加部落、文化、體育發展經費。 十、福利：增加原住民敬老津貼，增進兒童、身心障礙者、婦女及老人福利，提昇醫護資源及長期照護部落化。開辦原住民長期照護保險。,
平地原住民,,陳瑩,1,民主進步黨,● 原住民族傳統祭典及國定連續假期間，保障族人有座位返鄉。 安排原住民祭典返鄉台鐵專屬車廂及補助客運專車。 定期設置原住民返鄉專屬售票窗口及網路訂位專區保障有座位。 發行原住民族多卡通電子票證作為身分辨識，以提高使用及保存價值。 ● 活用100億原住民族綜合發展基金。 推動微型保險，優惠貸款給族人，協助發展特色產業、返鄉就業，創造 更多更穩定的工作。 ● 推動原住民族專屬長照制度及計劃。 發展原住民專屬的長照系統，讓原鄉及都會區的長輩，都能感受到有品 質的照顧與補助。 ● 讓原住民族的族語成為國家語言，增加並編列專款原住民族文化預算。 制定原住民族語言法，明訂族語推動預算。 提高族語老師的鐘點費，並建立專任族語教師制度。 加強學校課程中的原住民族歷史及觀點。 ● 爭取南迴公路設置醫院，提升東部醫療資源。 南迴公路沿線居民繳交相同的健保費，然而在台東往返高雄全長100公 里的路程，卻沒有任何一家醫院，政府有義務提供與都市相同的醫療品 質。 積極提升台東區域醫院具有醫學中心資源及設備。 ● 增加都會區原住民預算，並修改運用規範。 現今已有超過45%的原住民人口移居都會區，應全面增加都市原住民發 展計劃經費，讓都會區的族人也可以公平使用到原民會的預算。 ● 推動有實質的土地權、行政權、財政權原住民族自治，並賦予部落公法 人的地位，落實原住民族自治，爭回我們應有的權利。 ● 歸還原住民族土地，落實共管機制。 擴大辦理原住民族保留地增劃編。 制定原住民族土地及海域法。 具體落實資源治理共管機制。,
山地原住民,,高金素梅,1,無黨團結聯盟,一路走來，始終如一！ (一)堅持無黨問政　堅守民族立場 14年的立法院經歷，高金素梅見過太多「服從黨意拋棄民意」的例子，高金素梅始終認為，原住民族立委不應有政黨包袱。只有拋棄政 黨包袱，才能堅守民族立場。這是高金素梅不變的承諾！ (二)堅持團隊問政　落實基層服務 部落行腳，發掘問題；立院問政，解決問題。高金素梅堅持以完整的團隊方式問政，追蹤所有不公不義的通案，直到獲得解決！ ,
山地原住民,,簡東明,1,中 國 國 民 黨,原住民族對台灣來說是一個大資產，如何調動其積極性，發揮多族群優勢並邁向一個雙贏互利互尊共榮的族群關係是當前民族政策最需要 嚴肅思考的課題，也是在立法院近八年經驗累積所看到必須作為今後問政的重點和努力的方向，更是此次繼續參選最大動力所趨。八年前 帶著原鄉眾多共識議題，地方政府無法解決到立法院憑著信心克服一切做好原鄉最忠實的僕人，但需要繼續努力的重要法案及共同需求 如：一重新檢討原住民自治法督促中央政府絕對的尊重全體原住民共識版本之自治法。二繼續推動積極爭取政府對原住民土地政策不公不 義法案訂定及修法。三加強原鄉部落長照服務托育兒童照顧政策重視健康照護及醫療權。四原鄉文化產業觀光結合落實在地經濟與在地留 才並以新部落主義概念納入都會原住民保障都會原住民自主權益。五請中央加強重視原住民族教育培育更多原住民人才並將原鄉中小學轉 型為民族學校設立台灣原住民族大學或學院。六推動國土計劃法納入原住民族土地治理專章，賦權原住民傳統領域與自然資源治理權利。 七延續八八風災未完成之主要道路工程督促政府早日完工建立安全居住環境及平安回家的道路及納入遺落遷村時之族人建置完整的村落。 八加強督促原民會等相關單位將原住民保留地增劃編工作能積極辦理維護原鄉族人土地權。九督促政府重視原住基本法子法訂定及落實。 責任至上原住民係全國選區要面面俱到能有機會再連任將以更踏實、最敬業、求效率、有尊嚴以服事神的心一步一腳印爭取最高權益。,
山地原住民,,孔文吉,1,中 國 國 民 黨,１. 支持政府推動務實穩健之大陸政策，促進兩岸和平發展及族群共榮。 ２. 繼續推動原住民族自治法、反族群歧視法，使原住民享有命運自決之權利。 ３. 要求政府將原住民族基本法入憲，使原住民享有憲法保障政治、經濟、教育、文化、狩獵、土地、醫療、傳播及社會福利之完整權 益。 ４. 監督政府大幅編列預算，加強原住民地區農路、堤防、護岸、橋樑及河川整治，振興經濟產業，保障安全家園。 ５. 因應全球氣候變遷，大幅提高原住民地區造林補助獎勵，保障原住民生存權。 ６. 協助解決都會區原住民就學、就業、住宅及社會福利之問題，保障原住民工作權。 ７. 落實保障原民生就業權益，提供獎學金、保障多元入學原民生之加分制度、提升族語師資鐘點費，重視母語教學，並改善學校環境與 設備。 ８. 政府應重視原住民文化創意產業，輔助及獎勵原住民電影、電視、歌舞、服飾及文創人才，維護發揚原住民歷史、文化，有效保存物 質和非物質文化遺產。,
,,,,,,
,,,,,,
,,,,,,
,,,,,,
,,,,,,
,,,,,,
,,,,,,
,,,,,,
,,,,,,
,,,,,,
,,,,,,
,,,,,,
,,,,,,
,,,,,,
,,,,,,
,,,,,,
,,,,,,
,,,,,,
,,,,,,
,,,,,,
,,,,,,
,,,,,,
,,,,,,
,,,,,,
,,,,,,
,,,,,,
,,,,,,
,,,,,,
,,,,,,
,,,,,,
,,,,,,
,,,,,,
,,,,,,
,,,,,,
,,,,,,
,,,,,,
,,,,,,
,,,,,,
,,,,,,
,,,,,,
,,,,,,
,,,,,,
,,,,,,
,,,,,,
,,,,,,
,,,,,,
,,,,,,
,,,,,,
,,,,,,
,,,,,,
,,,,,,
,,,,,,
,,,,,,
,,,,,,
,,,,,,
,,,,,,
,,,,,,
,,,,,,
,,,,,,
,,,,,,
,,,,,,
,,,,,,
,,,,,,
,,,,,,
,,,,,,
,,,,,,
,,,,,,
,,,,,,
,,,,,,
,,,,,,
,,,,,,
,,,,,,
,,,,,,
,,,,,,
,,,,,,
,,,,,,
,,,,,,
,,,,,,
,,,,,,
,,,,,,
,,,,,,
,,,,,,
,,,,,,
,,,,,,
,,,,,,
,,,,,,
,,,,,,
,,,,,,
,,,,,,
,,,,,,
,,,,,,
,,,,,,
,,,,,,
,,,,,,
,,,,,,
,,,,,,
,,,,,,
,,,,,,
,,,,,,
,,,,,,
,,,,,,
,,,,,,
,,,,,,
,,,,,,
,,,,,,
,,,,,,
,,,,,,
,,,,,,
,,,,,,
,,,,,,
,,,,,,
,,,,,,
,,,,,,
,,,,,,
,,,,,,
,,,,,,
,,,,,,
,,,,,,
,,,,,,
,,,,,,
,,,,,,
,,,,,,
,,,,,,
,,,,,,
,,,,,,
,,,,,,
,,,,,,
,,,,,,
,,,,,,
,,,,,,
,,,,,,
,,,,,,
,,,,,,
,,,,,,
,,,,,,
,,,,,,
,,,,,,
,,,,,,
,,,,,,
,,,,,,
,,,,,,
,,,,,,
,,,,,,
,,,,,,
,,,,,,
,,,,,,
,,,,,,
,,,,,,
,,,,,,
,,,,,,
,,,,,,
,,,,,,
,,,,,,
,,,,,,
,,,,,,
,,,,,,
,,,,,,
,,,,,,
,,,,,,
,,,,,,
,,,,,,
,,,,,,
,,,,,,
,,,,,,
,,,,,,
,,,,,,
,,,,,,
,,,,,,
,,,,,,
,,,,,,
,,,,,,
,,,,,,
,,,,,,
,,,,,,
,,,,,,
,,,,,,
,,,,,,
,,,,,,
,,,,,,
,,,,,,
,,,,,,
,,,,,,
,,,,,,
,,,,,,
,,,,,,
,,,,,,
,,,,,,
,,,,,,
,,,,,,
,,,,,,
,,,,,,
,,,,,,
,,,,,,
,,,,,,
,,,,,,
,,,,,,
,,,,,,
,,,,,,
,,,,,,
,,,,,,
,,,,,,
,,,,,,
,,,,,,
,,,,,,
,,,,,,
,,,,,,
,,,,,,
,,,,,,
,,,,,,
,,,,,,
,,,,,,
,,,,,,
,,,,,,
,,,,,,
,,,,,,
,,,,,,
,,,,,,
,,,,,,
,,,,,,
,,,,,,
,,,,,,
,,,,,,
,,,,,,
,,,,,,
,,,,,,
,,,,,,
,,,,,,
,,,,,,
,,,,,,
,,,,,,
,,,,,,
,,,,,,
,,,,,,
,,,,,,
,,,,,,
,,,,,,
,,,,,,
,,,,,,
,,,,,,
,,,,,,
,,,,,,
,,,,,,
,,,,,,
,,,,,,
,,,,,,
,,,,,,
,,,,,,
,,,,,,
,,,,,,
,,,,,,
,,,,,,
,,,,,,
,,,,,,
,,,,,,
,,,,,,
,,,,,,
,,,,,,
,,,,,,
,,,,,,
,,,,,,
,,,,,,
,,,,,,
,,,,,,
,,,,,,
,,,,,,
,,,,,,
,,,,,,
,,,,,,
,,,,,,
,,,,,,
,,,,,,
,,,,,,
,,,,,,
,,,,,,
,,,,,,
,,,,,,
,,,,,,
,,,,,,
,,,,,,
,,,,,,
,,,,,,
,,,,,,
,,,,,,
,,,,,,
,,,,,,
,,,,,,
,,,,,,
,,,,,,
,,,,,,
,,,,,,
,,,,,,
,,,,,,
,,,,,,
,,,,,,
,,,,,,
,,,,,,
,,,,,,
,,,,,,
,,,,,,
,,,,,,
,,,,,,
,,,,,,
,,,,,,
,,,,,,
,,,,,,
,,,,,,
,,,,,,
,,,,,,
,,,,,,
,,,,,,
,,,,,,
,,,,,,
,,,,,,
,,,,,,
,,,,,,
,,,,,,
,,,,,,
,,,,,,
,,,,,,
,,,,,,
,,,,,,
,,,,,,
,,,,,,
,,,,,,
,,,,,,
,,,,,,
,,,,,,
,,,,,,
,,,,,,
,,,,,,
,,,,,,
,,,,,,
,,,,,,
,,,,,,
,,,,,,
,,,,,,
,,,,,,
,,,,,,
,,,,,,
,,,,,,
,,,,,,
,,,,,,
,,,,,,
,,,,,,
,,,,,,
,,,,,,
,,,,,,
,,,,,,
,,,,,,
,,,,,,
,,,,,,
,,,,,,
,,,,,,
,,,,,,
,,,,,,
,,,,,,
,,,,,,
,,,,,,
,,,,,,
,,,,,,
,,,,,,
,,,,,,
,,,,,,
,,,,,,
,,,,,,
,,,,,,
,,,,,,
,,,,,,
,,,,,,
,,,,,,
,,,,,,
,,,,,,
,,,,,,
,,,,,,
,,,,,,
,,,,,,
,,,,,,
,,,,,,
,,,,,,
,,,,,,
,,,,,,
,,,,,,
,,,,,,
,,,,,,
,,,,,,
,,,,,,
,,,,,,
,,,,,,
,,,,,,
,,,,,,
,,,,,,
,,,,,,
,,,,,,
,,,,,,
,,,,,,
,,,,,,
,,,,,,
,,,,,,
,,,,,,
,,,,,,
,,,,,,
,,,,,,
,,,,,,
,,,,,,
,,,,,,
,,,,,,
,,,,,,
,,,,,,
,,,,,,
,,,,,,
,,,,,,
,,,,,,
,,,,,,
,,,,,,
,,,,,,
,,,,,,
,,,,,,
,,,,,,
,,,,,,
,,,,,,
,,,,,,
,,,,,,
,,,,,,
,,,,,,
,,,,,,
,,,,,,
,,,,,,
,,,,,,
,,,,,,
,,,,,,
,,,,,,
,,,,,,
,,,,,,
,,,,,,
,,,,,,
,,,,,,
,,,,,,
,,,,,,
,,,,,,
,,,,,,
,,,,,,
,,,,,,
,,,,,,
,,,,,,
,,,,,,
,,,,,,
,,,,,,
,,,,,,
,,,,,,
,,,,,,
,,,,,,
,,,,,,
,,,,,,
,,,,,,
,,,,,,
,,,,,,
,,,,,,
,,,,,,
,,,,,,
,,,,,,
,,,,,,
,,,,,,
,,,,,,
,,,,,,
,,,,,,
,,,,,,
,,,,,,
,,,,,,
,,,,,,
,,,,,,
,,,,,,
,,,,,,
,,,,,,
,,,,,,
,,,,,,
,,,,,,
,,,,,,
,,,,,,
,,,,,,
,,,,,,
,,,,,,
,,,,,,
,,,,,,
,,,,,,
,,,,,,
,,,,,,
,,,,,,
,,,,,,
,,,,,,
,,,,,,
,,,,,,
,,,,,,
,,,,,,
,,,,,,
,,,,,,
,,,,,,
,,,,,,
,,,,,,
,,,,,,
,,,,,,
,,,,,,
,,,,,,
,,,,,,
,,,,,,
,,,,,,
,,,,,,
,,,,,,
,,,,,,
,,,,,,
,,,,,,
,,,,,,
,,,,,,
,,,,,,
,,,,,,
,,,,,,
,,,,,,
,,,,,,
,,,,,,
,,,,,,
,,,,,,
,,,,,,
,,,,,,
,,,,,,
,,,,,,
,,,,,,
,,,,,,
,,,,,,
,,,,,,
,,,,,,
,,,,,,
,,,,,,
,,,,,,
,,,,,,
,,,,,,
,,,,,,
,,,,,,
,,,,,,
,,,,,,
,,,,,,
,,,,,,
,,,,,,
,,,,,,
,,,,,,
,,,,,,
,,,,,,
,,,,,,
,,,,,,
,,,,,,
,,,,,,
,,,,,,
,,,,,,
,,,,,,
,,,,,,
,,,,,,
,,,,,,
,,,,,,
,,,,,,
,,,,,,
,,,,,,
,,,,,,
,,,,,,
,,,,,,
,,,,,,
,,,,,,
,,,,,,
,,,,,,
,,,,,,
,,,,,,
,,,,,,
,,,,,,
,,,,,,
,,,,,,
,,,,,,
,,,,,,
,,,,,,
,,,,,,
,,,,,,
,,,,,,
,,,,,,
,,,,,,
,,,,,,
,,,,,,
,,,,,,
,,,,,,
,,,,,,
,,,,,,
,,,,,,
,,,,,,
,,,,,,
,,,,,,
,,,,,,
,,,,,,
,,,,,,
,,,,,,
,,,,,,
,,,,,,
,,,,,,
,,,,,,
,,,,,,
,,,,,,
,,,,,,
,,,,,,
,,,,,,
,,,,,,
,,,,,,
,,,,,,
,,,,,,
,,,,,,
,,,,,,
,,,,,,
,,,,,,
,,,,,,
,,,,,,
,,,,,,
,,,,,,
,,,,,,
,,,,,,
,,,,,,
,,,,,,
,,,,,,
,,,,,,
,,,,,,
,,,,,,
,,,,,,
,,,,,,
,,,,,,
,,,,,,
,,,,,,
,,,,,,
,,,,,,
,,,,,,
,,,,,,
,,,,,,
,,,,,,
,,,,,,
,,,,,,
,,,,,,
,,,,,,
,,,,,,
,,,,,,
,,,,,,
,,,,,,
,,,,,,
,,,,,,
,,,,,,
,,,,,,
,,,,,,
,,,,,,
,,,,,,
,,,,,,
,,,,,,
,,,,,,
,,,,,,
,,,,,,
,,,,,,
,,,,,,
,,,,,,
,,,,,,
,,,,,,
,,,,,,
,,,,,,
,,,,,,
,,,,,,
,,,,,,
,,,,,,
,,,,,,
,,,,,,
,,,,,,
,,,,,,
,,,,,,
,,,,,,
,,,,,,
,,,,,,
,,,,,,
,,,,,,
,,,,,,
,,,,,,
,,,,,,
,,,,,,
,,,,,,
,,,,,,
,,,,,,
,,,,,,
,,,,,,
,,,,,,
,,,,,,
,,,,,,
,,,,,,
,,,,,,
,,,,,,
,,,,,,
,,,,,,
,,,,,,
,,,,,,
,,,,,,
,,,,,,
,,,,,,
,,,,,,
,,,,,,
,,,,,,
,,,,,,
,,,,,,
,,,,,,
,,,,,,
,,,,,,
,,,,,,
,,,,,,
,,,,,,
,,,,,,
,,,,,,
,,,,,,
,,,,,,
,,,,,,
,,,,,,
,,,,,,
,,,,,,
,,,,,,
,,,,,,
,,,,,,
,,,,,,
,,,,,,
,,,,,,
,,,,,,
,,,,,,
,,,,,,
,,,,,,
,,,,,,
,,,,,,
,,,,,,
,,,,,,
,,,,,,
,,,,,,
,,,,,,
,,,,,,
,,,,,,
,,,,,,
,,,,,,
,,,,,,
,,,,,,
,,,,,,
,,,,,,
,,,,,,
,,,,,,
,,,,,,
,,,,,,
,,,,,,
,,,,,,
,,,,,,
,,,,,,
,,,,,,
,,,,,,
,,,,,,
,,,,,,
,,,,,,
,,,,,,
,,,,,,
,,,,,,
,,,,,,
,,,,,,
,,,,,,
,,,,,,
,,,,,,
,,,,,,
,,,,,,
,,,,,,
,,,,,,
,,,,,,
,,,,,,
,,,,,,
,,,,,,
,,,,,,
,,,,,,
,,,,,,
,,,,,,
,,,,,,
,,,,,,
,,,,,,
,,,,,,
,,,,,,
,,,,,,
,,,,,,
,,,,,,
,,,,,,
,,,,,,
,,,,,,
,,,,,,
,,,,,,
,,,,,,
,,,,,,
,,,,,,
,,,,,,
,,,,,,
,,,,,,
,,,,,,
,,,,,,
,,,,,,
,,,,,,
,,,,,,
,,,,,,
,,,,,,
,,,,,,
,,,,,,
,,,,,,
,,,,,,
,,,,,,
,,,,,,
,,,,,,
,,,,,,
,,,,,,
,,,,,,
,,,,,,
,,,,,,
,,,,,,
,,,,,,
,,,,,,
,,,,,,
,,,,,,
,,,,,,
,,,,,,
,,,,,,
,,,,,,
,,,,,,
,,,,,,
,,,,,,
,,,,,,
,,,,,,
,,,,,,
,,,,,,
,,,,,,
,,,,,,
,,,,,,
,,,,,,
,,,,,,
,,,,,,
,,,,,,
,,,,,,
,,,,,,
,,,,,,
,,,,,,
,,,,,,
,,,,,,
,,,,,,
,,,,,,
,,,,,,
,,,,,,
,,,,,,
,,,,,,
,,,,,,
,,,,,,
,,,,,,
,,,,,,
,,,,,,
,,,,,,
,,,,,,
,,,,,,
,,,,,,
,,,,,,
,,,,,,
,,,,,,
,,,,,,
,,,,,,
,,,,,,
,,,,,,
,,,,,,
,,,,,,
,,,,,,
,,,,,,
,,,,,,
,,,,,,
,,,,,,
,,,,,,
,,,,,,
,,,,,,
,,,,,,
,,,,,,
,,,,,,
,,,,,,
,,,,,,
,,,,,,
,,,,,,
,,,,,,
,,,,,,
,,,,,,
,,,,,,
,,,,,,
,,,,,,
,,,,,,
,,,,,,
,,,,,,
,,,,,,
,,,,,,
,,,,,,
,,,,,,
,,,,,,
,,,,,,
,,,,,,
,,,,,,
,,,,,,
,,,,,,
,,,,,,
,,,,,,
,,,,,,
,,,,,,
,,,,,,
,,,,,,
,,,,,,
,,,,,,
,,,,,,
,,,,,,
,,,,,,
,,,,,,
,,,,,,
,,,,,,
,,,,,,
,,,,,,
,,,,,,
,,,,,,
,,,,,,
,,,,,,
,,,,,,
,,,,,,
